set_no,card_no,row_no,c1,c2,c3,c4,c5,c6,c7,c8,c9
1,1,1,,16,,31,40,,65,71,
1,1,2,2,,20,,44,50,,,82
1,1,3,5,,26,35,,57,,73,
1,2,1,1,,,33,,54,,75,81
1,2,2,4,,22,,42,,69,,84
1,2,3,,13,,38,,58,,77,90
1,3,1,,11,23,37,,51,,,85
1,3,2,,14,27,,41,55,,78,
1,3,3,7,18,,39,46,,68,,
1,4,1,3,,21,,,59,60,72,
1,4,2,,10,,32,,,63,74,87
1,4,3,8,,25,,48,,67,76,
1,5,1,,,28,,43,53,,79,80
1,5,2,9,,,30,45,,62,,83
1,5,3,,19,,34,47,,64,,88
1,6,1,6,12,,36,,52,,,86
1,6,2,,15,24,,,56,61,70,
1,6,3,,17,29,,49,,66,,89
2,1,1,,15,,31,,50,61,73,
2,1,2,,16,,35,42,,65,,84
2,1,3,7,,29,,43,56,,76,
2,2,1,,12,,32,40,,62,74,
2,2,2,,18,,36,,51,,77,83
2,2,3,6,,21,,48,,66,,89
2,3,1,,11,24,,49,,69,,80
2,3,2,2,,28,30,,55,,71,
2,3,3,,19,,37,,59,,79,87
2,4,1,,13,,33,,52,63,72,
2,4,2,1,,22,,44,,,75,81
2,4,3,8,,26,,47,,68,,86
2,5,1,4,,25,,45,53,,78,
2,5,2,,14,,34,,57,60,,85
2,5,3,5,,27,,46,,67,,88
2,6,1,3,10,,38,,54,,70,
2,6,2,,17,20,,41,,64,,82
2,6,3,9,,23,39,,58,,,90
3,1,1,6,,20,,40,54,,72,
3,1,2,9,,22,,42,,62,,81
3,1,3,,11,,33,46,,,79,85
3,2,1,1,13,,34,43,,,78,
3,2,2,2,,24,35,,50,,,82
3,2,3,7,,28,36,,,61,,86
3,3,1,,10,,31,47,,60,,84
3,3,2,,12,,38,,52,66,73,
3,3,3,5,,25,,49,,68,,87
3,4,1,3,,21,,44,,63,,88
3,4,2,,14,,37,,56,,70,89
3,4,3,,17,26,,48,,65,75,
3,5,1,4,,23,,41,51,,74,
3,5,2,,15,,32,,53,64,76,
3,5,3,,18,29,,,55,67,,90
3,6,1,,16,,30,,57,69,,80
3,6,2,,19,,39,,58,,71,83
3,6,3,8,,27,,45,59,,77,
4,1,1,,10,,37,,57,60,71,
4,1,2,,14,,38,41,,64,,90
4,1,3,5,,25,,46,59,,75,
4,2,1,,13,,30,44,,63,70,
4,2,2,,19,,33,,52,,79,82
4,2,3,4,,20,,45,,67,,88
4,3,1,,15,23,,40,,68,,81
4,3,2,3,,27,34,,53,,72,
4,3,3,,17,,39,,58,,78,85
4,4,1,,16,,36,,54,61,73,
4,4,2,2,,21,,43,,,77,80
4,4,3,9,,24,,48,,66,,84
4,5,1,6,,22,,42,55,,74,
4,5,2,,12,,31,,56,62,,83
4,5,3,8,,28,,47,,65,,86
4,6,1,1,11,,32,,50,,76,
4,6,2,,18,26,,49,,69,,87
4,6,3,7,,29,35,,51,,,89
5,1,1,1,14,,,42,51,,,80
5,1,2,9,,28,,46,52,,75,
5,1,3,,16,,37,,59,60,,88
5,2,1,,17,,30,,,64,71,82
5,2,2,3,,24,33,,,68,73,
5,2,3,,,29,,48,55,,77,84
5,3,1,,,20,,41,,62,74,83
5,3,2,,15,,36,43,,65,,85
5,3,3,6,,27,,47,56,69,,
5,4,1,2,,21,,,54,66,,87
5,4,2,5,12,25,,45,,,,89
5,4,3,8,18,,38,,57,,76,
5,5,1,4,10,,31,,,,72,81
5,5,2,,11,22,35,,58,,,86
5,5,3,,13,,39,44,,67,78,
5,6,1,,,23,,40,50,61,,90
5,6,2,7,,26,32,,,63,70,
5,6,3,,19,,34,49,53,,79,
6,1,1,1,,25,,42,,66,,84
6,1,2,5,,29,31,,52,,70,
6,1,3,,12,,36,47,,,75,85
6,2,1,2,,21,35,,53,,74,
6,2,2,6,,28,,40,,62,,81
6,2,3,,13,,39,,59,,77,89
6,3,1,,14,26,,45,,64,,83
6,3,2,,18,,32,,50,,71,88
6,3,3,3,19,,,49,,67,79,
6,4,1,4,,20,33,,54,,72,
6,4,2,9,,24,,41,,63,78,
6,4,3,,16,,38,,58,69,,80
6,5,1,7,,22,,43,,60,,82
6,5,2,,10,23,,48,55,,,86
6,5,3,,15,,34,,57,61,73,
6,6,1,,11,27,,44,51,,76,
6,6,2,8,,,30,46,,65,,87
6,6,3,,17,,37,,56,68,,90
7,1,1,1,,25,,43,,64,,81
7,1,2,6,,27,,48,54,,70,
7,1,3,,14,,38,,59,,78,89
7,2,1,7,,24,,45,,67,,83
7,2,2,,11,,30,,51,,75,87
7,2,3,,17,,33,47,55,,,88
7,3,1,2,,20,34,41,,60,,
7,3,2,8,,26,37,,58,,71,
7,3,3,,19,,39,49,,66,,85
7,4,1,,12,23,35,,50,,72,
7,4,2,3,,29,,46,,63,,82
7,4,3,9,18,,36,,57,,76,
7,5,1,,13,22,,40,,62,,84
7,5,2,4,,28,,44,,68,,86
7,5,3,,16,,31,,52,,79,90
7,6,1,5,,21,,42,,61,73,
7,6,2,,10,,32,,53,65,74,
7,6,3,,15,,,,56,69,77,80
8,1,1,1,,29,,48,,64,71,
8,1,2,,10,,35,,52,68,,80
8,1,3,6,14,,38,,57,,,86
8,2,1,9,,23,32,,50,,70,
8,2,2,,13,24,,49,,66,,82
8,2,3,,18,,37,,59,,78,84
8,3,1,4,,21,,42,,60,79,
8,3,2,7,,26,31,,51,,,83
8,3,3,,19,,33,45,,63,,87
8,4,1,,11,,30,,53,61,74,
8,4,2,2,,22,,41,,65,,85
8,4,3,,16,,34,,54,,77,89
8,5,1,,12,20,,44,55,,72,
8,5,2,3,,28,,47,,69,,81
8,5,3,,15,,36,,58,,75,90
8,6,1,5,,25,,40,,62,73,
8,6,2,,17,,39,43,,67,,88
8,6,3,8,,27,,46,56,,76,
9,1,1,,14,,31,,55,62,70,
9,1,2,5,,29,,44,,69,,84
9,1,3,,18,,36,,57,,71,89
9,2,1,8,,25,33,,52,,72,
9,2,2,,10,28,,43,,67,,81
9,2,3,,17,,38,,56,,73,86
9,3,1,1,,20,,40,,61,76,
9,3,2,2,,27,35,,58,,,82
9,3,3,,12,,39,48,,68,,90
9,4,1,4,,21,,46,,63,74,
9,4,2,,13,,30,,54,66,,83
9,4,3,9,15,,32,,59,,,88
9,5,1,,11,23,,42,50,,78,
9,5,2,6,,24,,45,,65,,80
9,5,3,,19,,37,,53,,79,87
9,6,1,3,,22,,41,,60,75,
9,6,2,,16,,34,47,,64,,85
9,6,3,7,,26,,49,51,,77,
10,1,1,,12,23,,40,,66,,88
10,1,2,,18,,34,,52,,71,89
10,1,3,8,,27,,48,,69,79,
10,2,1,3,,24,,41,50,,78,
10,2,2,6,,26,,43,,63,,84
10,2,3,,14,,30,,54,64,,86
10,3,1,,10,,33,,53,,70,81
10,3,2,4,,29,,44,,65,,82
10,3,3,5,16,,37,,55,,75,
10,4,1,1,,21,32,,51,,72,
10,4,2,,15,,36,47,,60,,85
10,4,3,7,,22,,49,,61,76,
10,5,1,9,,20,35,,56,,74,
10,5,2,,11,28,,42,,62,,83
10,5,3,,19,,38,,59,68,,90
10,6,1,2,,25,,45,57,,73,
10,6,2,,13,,31,46,,67,,80
10,6,3,,17,,39,,58,,77,87
11,1,1,,10,21,,42,,60,,80
11,1,2,,17,,32,,54,,73,87
11,1,3,1,,28,,46,,68,77,
11,2,1,2,,20,,40,51,,76,
11,2,2,9,,25,,49,,61,,83
11,2,3,,19,,31,,58,67,,85
11,3,1,,11,,38,,50,,72,84
11,3,2,3,,22,,45,,62,,90
11,3,3,7,13,,39,,57,,74,
11,4,1,4,,23,34,,56,,71,
11,4,2,,16,,37,44,,63,,82
11,4,3,8,,29,,48,,65,75,
11,5,1,5,,24,33,,52,,79,
11,5,2,,12,27,,41,,64,,81
11,5,3,,15,,36,,53,69,,89
11,6,1,6,,26,,43,55,,70,
11,6,2,,14,,30,47,,66,,86
11,6,3,,18,,35,,59,,78,88
12,1,1,,12,21,,42,,63,72,
12,1,2,,19,,33,,55,,76,84
12,1,3,1,,22,,47,,69,,89
12,2,1,,15,,30,,50,64,73,
12,2,2,9,,25,,44,,68,,81
12,2,3,,18,,39,,58,,78,90
12,3,1,,10,20,,48,52,,,82
12,3,2,,13,,38,,56,62,74,
12,3,3,3,,24,,49,,67,,87
12,4,1,6,,27,32,,51,,71,
12,4,2,7,,29,,40,59,,75,
12,4,3,,11,,36,45,,60,,86
12,5,1,2,14,,31,,53,,70,
12,5,2,4,,26,,41,,61,,80
12,5,3,,16,,35,,57,,77,88
12,6,1,5,,23,,43,,65,79,
12,6,2,,17,,34,46,,66,,83
12,6,3,8,,28,37,,54,,,85
13,1,1,,13,23,,41,,61,75,
13,1,2,,17,,37,,51,,77,80
13,1,3,2,,29,,46,,66,,83
13,2,1,,10,,35,,56,60,70,
13,2,2,4,,26,,40,,65,,84
13,2,3,,16,,38,,59,,71,88
13,3,1,,11,27,,43,53,,,85
13,3,2,,14,,36,,54,63,79,
13,3,3,8,,28,,47,,68,,86
13,4,1,1,,20,30,,55,,72,
13,4,2,5,,22,,42,58,,78,
13,4,3,,19,,31,48,,69,,89
13,5,1,3,12,,33,,50,,73,
13,5,2,7,,21,,49,,62,,82
13,5,3,,18,,34,,52,,74,90
13,6,1,6,,24,,44,,64,76,
13,6,2,,15,,32,45,,67,,81
13,6,3,9,,25,39,,57,,,87
14,1,1,1,,22,,44,,61,,85
14,1,2,2,15,,36,,50,,74,
14,1,3,9,,27,,,57,63,,88
14,2,1,3,,21,34,,53,,73,
14,2,2,8,,26,,40,,65,,81
14,2,3,,13,28,,49,,69,,89
14,3,1,4,,25,,41,,66,,82
14,3,2,,10,,32,48,,68,70,
14,3,3,,19,,37,,55,,79,87
14,4,1,,14,,31,42,,64,,83
14,4,2,5,,20,38,,54,,76,
14,4,3,,16,29,,45,59,,,90
14,5,1,,12,,30,,51,67,,84
14,5,2,,17,,39,,56,,71,86
14,5,3,6,,23,,43,58,,75,
14,6,1,,11,,33,,52,,72,80
14,6,2,7,,24,,46,,60,77,
14,6,3,,18,,35,47,,62,78,
15,1,1,,12,22,,,52,63,,83
15,1,2,,15,,39,,55,65,,88
15,1,3,1,,25,,44,,67,70,
15,2,1,3,14,,,43,54,,71,
15,2,2,6,19,,38,,59,,75,
15,2,3,8,,27,,47,,61,,86
15,3,1,,,21,30,,,60,74,81
15,3,2,5,,23,32,,58,,,85
15,3,3,,16,,34,41,,,77,87
15,4,1,,,24,,45,,66,72,80
15,4,2,4,,29,,49,50,,78,
15,4,3,,17,,31,,53,68,,90
15,5,1,2,11,,33,40,,69,,
15,5,2,,13,28,,42,51,,,84
15,5,3,7,18,,35,46,,,76,
15,6,1,9,,20,36,,,62,73,
15,6,2,,,26,,48,56,,79,82
15,6,3,,10,,37,,57,64,,89
16,1,1,,13,20,,,50,62,,82
16,1,2,,17,,31,,56,66,,84
16,1,3,7,,28,,48,,69,73,
16,2,1,2,11,,,40,51,,72,
16,2,2,4,18,,36,,53,,79,
16,2,3,9,,26,,42,,68,,89
16,3,1,,,24,33,,,64,76,80
16,3,2,6,,27,35,,57,,,83
16,3,3,,10,,37,45,,,78,86
16,4,1,,,21,,41,,61,71,85
16,4,2,5,,25,,47,52,,74,
16,4,3,,15,,38,,58,65,,88
16,5,1,1,12,,30,43,,63,,
16,5,2,,16,22,,44,54,,,90
16,5,3,3,19,,34,49,,,77,
16,6,1,8,,23,32,,,60,70,
16,6,2,,,29,,46,55,,75,81
16,6,3,,14,,39,,59,67,,87
17,1,1,,10,24,,43,,63,,83
17,1,2,5,,26,,47,,,70,84
17,1,3,,15,,38,,58,,75,90
17,2,1,2,,20,,46,,64,,86
17,2,2,7,,22,35,,52,,73,
17,2,3,,11,,39,,59,68,,88
17,3,1,1,,25,,45,,66,,80
17,3,2,4,,28,30,,53,,74,
17,3,3,,19,,36,,57,,79,85
17,4,1,,14,,33,40,,61,,82
17,4,2,3,18,,,41,54,,77,
17,4,3,6,,23,,48,,65,,89
17,5,1,,12,,32,,51,60,76,
17,5,2,9,,21,37,,55,,78,
17,5,3,,16,27,,44,,67,,81
17,6,1,,13,,31,,50,62,,87
17,6,2,,17,,34,42,56,,71,
17,6,3,8,,29,,49,,69,72,
18,1,1,2,,20,,46,,63,74,
18,1,2,9,,26,,47,,64,,81
18,1,3,,14,,31,,51,69,75,
18,2,1,,11,,32,40,53,,76,
18,2,2,5,,25,,42,,65,,87
18,2,3,,15,,33,45,,,78,88
18,3,1,,10,,34,41,,68,,86
18,3,2,8,,24,37,,50,,77,
18,3,3,,16,,38,,58,,79,89
18,4,1,1,,22,,43,,62,,80
18,4,2,3,13,,30,,57,,72,
18,4,3,7,,27,,,59,66,73,
18,5,1,4,,21,36,,52,,,83
18,5,2,,12,28,,49,55,,71,
18,5,3,,19,29,,,56,60,,84
18,6,1,,17,,35,44,,61,,82
18,6,2,,18,,39,,54,,70,85
18,6,3,6,,23,,48,,67,,90
19,1,1,,,22,,45,51,,71,81
19,1,2,7,,,30,,58,,77,84
19,1,3,,10,,33,,,65,79,87
19,2,1,3,,20,,,50,,73,90
19,2,2,5,18,,32,,55,,75,
19,2,3,8,,24,,49,,63,76,
19,3,1,,11,23,34,,57,,72,
19,3,2,9,15,,39,41,,61,,
19,3,3,,17,26,,47,,67,,80
19,4,1,2,,,31,40,,64,,85
19,4,2,,16,,35,42,,66,,88
19,4,3,4,,28,,44,59,,78,
19,5,1,,,21,36,,52,62,,82
19,5,2,,19,,38,46,,,74,89
19,5,3,6,,29,,48,56,69,,
19,6,1,1,12,,37,,53,,70,
19,6,2,,13,25,,,54,60,,83
19,6,3,,14,27,,43,,68,,86
20,1,1,,,29,,48,52,,73,82
20,1,2,2,,,31,,56,,75,86
20,1,3,,11,,36,,,66,78,88
20,2,1,1,,21,,,57,,70,83
20,2,2,4,14,,38,,59,,72,
20,2,3,6,,28,,46,,68,74,
20,3,1,,12,22,35,,53,,76,
20,3,2,7,16,,37,40,,62,,
20,3,3,,19,27,,43,,64,,84
20,4,1,3,,,30,41,,61,,81
20,4,2,,17,,32,45,,63,,89
20,4,3,9,,25,,49,54,,77,
20,5,1,,,23,33,,51,60,,80
20,5,2,,13,,39,42,,,71,85
20,5,3,5,,26,,47,55,67,,
20,6,1,8,10,,34,,50,,79,
20,6,2,,15,20,,,58,65,,87
20,6,3,,18,24,,44,,69,,90
21,1,1,,10,,36,,51,,72,80
21,1,2,8,,21,,42,58,,,82
21,1,3,,18,29,,47,,65,79,
21,2,1,,12,,30,,52,61,,84
21,2,2,5,,23,,41,57,62,,
21,2,3,,17,,34,46,,68,71,
21,3,1,,14,,33,,55,,73,86
21,3,2,2,,25,,45,59,,78,
21,3,3,7,,27,,49,,60,,88
21,4,1,,11,,35,43,,,70,81
21,4,2,6,,20,38,,,64,75,
21,4,3,,13,,39,,53,69,76,
21,5,1,4,,22,,40,,63,,83
21,5,2,,15,28,,48,,66,,85
21,5,3,,19,,31,,54,,74,87
21,6,1,1,16,,32,,50,,77,
21,6,2,3,,24,,44,,67,,89
21,6,3,9,,26,37,,56,,,90
22,1,1,2,,20,,,58,61,71,
22,1,2,6,,28,,49,,63,73,
22,1,3,,16,,39,,,66,75,88
22,2,1,1,14,,31,40,,,78,
22,2,2,,18,22,,,55,60,,80
22,2,3,8,,,33,44,,69,,82
22,3,1,,10,23,,46,50,,,85
22,3,2,7,13,,36,48,,68,,
22,3,3,,17,26,38,,54,,77,
22,4,1,3,,,32,,,62,74,81
22,4,2,9,,29,,42,53,,,84
22,4,3,,12,,37,,57,,76,86
22,5,1,4,,24,,41,52,,,87
22,5,2,,,27,30,43,,65,,89
22,5,3,,15,,34,45,56,,70,
22,6,1,,11,21,,,51,,72,83
22,6,2,,19,,35,,59,64,,90
22,6,3,5,,25,,47,,67,79,
23,1,1,1,12,,,40,,,70,82
23,1,2,,17,,36,,57,,74,85
23,1,3,5,,26,,49,,60,,88
23,2,1,,11,23,,43,51,,71,
23,2,2,3,,25,32,,52,,77,
23,2,3,,14,,35,,58,66,,86
23,3,1,7,,20,33,,50,65,,
23,3,2,,15,,38,41,54,,78,
23,3,3,,19,27,,45,56,,,80
23,4,1,2,,,30,44,,68,,81
23,4,2,6,,21,,46,53,,,87
23,4,3,,18,,37,48,,,75,90
23,5,1,,16,24,,,59,61,72,
23,5,2,4,,28,,42,,63,73,
23,5,3,9,,,34,,,67,79,84
23,6,1,,10,22,,47,,62,,83
23,6,2,,13,,31,,55,64,76,
23,6,3,8,,29,39,,,69,,89
24,1,1,2,11,,,42,,,70,82
24,1,2,,15,,35,,56,,72,85
24,1,3,8,,21,,46,,60,,88
24,2,1,,10,22,,48,52,,71,
24,2,2,4,,28,31,,54,,78,
24,2,3,,16,,37,,58,66,,86
24,3,1,6,,23,30,,50,65,,
24,3,2,,13,,39,40,55,,74,
24,3,3,,18,29,,44,59,,,80
24,4,1,1,,,32,41,,68,,81
24,4,2,9,,24,,43,53,,,87
24,4,3,,17,,36,47,,,75,90
24,5,1,,12,20,,,51,61,73,
24,5,2,3,,25,,49,,63,76,
24,5,3,7,,,33,,,67,79,84
24,6,1,,14,26,,45,,62,,83
24,6,2,,19,,34,,57,64,77,
24,6,3,5,,27,38,,,69,,89
25,1,1,,18,,30,41,,64,72,
25,1,2,1,,23,,48,52,,,84
25,1,3,8,,29,36,,59,,79,
25,2,1,3,,,32,,53,,70,80
25,2,2,9,,24,,47,,67,,83
25,2,3,,12,,34,,57,,74,86
25,3,1,,13,21,31,,50,,,89
25,3,2,,14,28,,43,56,,76,
25,3,3,6,16,,38,49,,63,,
25,4,1,2,,22,,,58,61,71,
25,4,2,,15,,33,,,65,75,82
25,4,3,7,,26,,40,,69,78,
25,5,1,,,25,,42,55,,77,85
25,5,2,4,,,35,44,,66,,87
25,5,3,,17,,39,46,,68,,90
25,6,1,5,10,,37,,51,,,81
25,6,2,,11,20,,,54,60,73,
25,6,3,,19,27,,45,,62,,88
26,1,1,,10,,32,43,,67,,80
26,1,2,1,,20,,45,55,,78,
26,1,3,5,,,39,47,,69,,88
26,2,1,3,,23,,,57,60,71,
26,2,2,8,,27,,41,,62,72,
26,2,3,,14,,37,,,66,76,83
26,3,1,6,11,22,,40,,64,,
26,3,2,,15,26,,44,51,,75,
26,3,3,,18,29,34,,59,,,86
26,4,1,2,,,31,42,50,,70,
26,4,2,,17,,35,49,,65,,85
26,4,3,9,,24,38,,53,,79,
26,5,1,,13,,33,,,68,74,81
26,5,2,4,,25,,48,52,,,87
26,5,3,,19,,36,,54,,77,90
26,6,1,,12,21,,46,,61,,82
26,6,2,,16,,30,,56,,73,84
26,6,3,7,,28,,,58,63,,89
27,1,1,,16,,31,42,,61,,81
27,1,2,2,,25,,46,58,,75,
27,1,3,4,,,33,48,,65,,85
27,2,1,1,,21,,,52,63,70,
27,2,2,7,,24,,49,,64,73,
27,2,3,,11,,35,,,68,77,87
27,3,1,9,12,20,,41,,62,,
27,3,2,,17,23,,45,50,,79,
27,3,3,,19,28,38,,56,,,90
27,4,1,3,,,30,40,51,,72,
27,4,2,,15,,32,47,,60,,89
27,4,3,5,,26,36,,54,,74,
27,5,1,,10,,34,,,66,76,80
27,5,2,8,,27,,43,55,,,82
27,5,3,,14,,39,,59,,78,84
27,6,1,,13,22,,44,,67,,83
27,6,2,,18,,37,,53,,71,86
27,6,3,6,,29,,,57,69,,88
28,1,1,,12,,33,,52,,72,81
28,1,2,,15,23,,49,,,75,85
28,1,3,1,18,,34,,,68,76,
28,2,1,,11,,30,40,51,,74,
28,2,2,3,,26,,44,56,62,,
28,2,3,,13,,39,,58,66,,80
28,3,1,,,21,,45,,65,70,82
28,3,2,7,,24,,47,,69,,86
28,3,3,,14,,37,,55,,77,90
28,4,1,2,17,,,42,,63,,84
28,4,2,5,,25,31,,,67,,89
28,4,3,8,,29,38,,57,,78,
28,5,1,4,,28,,41,,61,,83
28,5,2,6,10,,,43,50,,71,
28,5,3,,16,,35,,53,,73,88
28,6,1,,,20,32,46,,60,,87
28,6,2,9,,22,36,,54,64,,
28,6,3,,19,27,,48,59,,79,
29,1,1,,11,,31,,53,,70,83
29,1,2,,14,27,,46,,,74,89
29,1,3,2,19,,35,,,64,78,
29,2,1,,10,,32,41,50,,73,
29,2,2,5,,28,,48,57,60,,
29,2,3,,17,,38,,59,63,,88
29,3,1,,,20,,43,,61,71,81
29,3,2,8,,25,,49,,66,,84
29,3,3,,16,,36,,54,,79,87
29,4,1,1,18,,,44,,62,,80
29,4,2,4,,22,33,,,69,,86
29,4,3,9,,26,37,,56,,76,
29,5,1,3,,29,,42,,67,,85
29,5,2,7,13,,,47,51,,75,
29,5,3,,15,,39,,55,,77,90
29,6,1,,,21,30,40,,65,,82
29,6,2,6,,23,34,,52,68,,
29,6,3,,12,24,,45,58,,72,
30,1,1,,11,,32,42,51,,70,
30,1,2,8,,,34,48,,60,74,
30,1,3,,,25,39,,59,64,,80
30,2,1,3,,20,,40,,,77,82
30,2,2,6,13,,,45,,61,,84
30,2,3,,19,,37,,58,65,,90
30,3,1,,10,,35,,,66,71,81
30,3,2,9,15,,,47,,,75,83
30,3,3,,18,29,,,53,68,,89
30,4,1,4,12,,31,41,,,,86
30,4,2,,16,,36,,50,69,73,
30,4,3,7,,26,,49,55,,79,
30,5,1,,14,22,,,54,63,72,
30,5,2,2,,24,38,,57,,78,
30,5,3,5,,27,,43,,67,,88
30,6,1,,,21,30,44,,62,,85
30,6,2,1,,23,,46,52,,,87
30,6,3,,17,28,33,,56,,76,
31,1,1,,15,,30,41,55,,71,
31,1,2,5,,,36,46,,62,78,
31,1,3,,,27,38,,57,69,,85
31,2,1,1,,26,,43,,,76,80
31,2,2,7,10,,,49,,60,,86
31,2,3,,16,,31,,54,63,,88
31,3,1,,12,,33,,,61,72,82
31,3,2,4,14,,,44,,,79,87
31,3,3,,17,22,,,56,67,,90
31,4,1,2,11,,37,40,,,,81
31,4,2,,13,,39,,51,65,73,
31,4,3,9,,28,,48,53,,75,
31,5,1,,19,21,,,52,64,74,
31,5,2,3,,23,34,,59,,77,
31,5,3,8,,29,,47,,66,,83
31,6,1,,,20,32,42,,68,,84
31,6,2,6,,24,,45,50,,,89
31,6,3,,18,25,35,,58,,70,
32,1,1,,11,20,,48,50,,,84
32,1,2,,19,,32,,54,63,74,
32,1,3,1,,23,36,,,65,78,
32,2,1,3,,22,,45,52,,,82
32,2,2,9,,,31,47,,,76,88
32,2,3,,16,,34,49,,69,,90
32,3,1,5,12,,38,,,62,70,
32,3,2,,14,25,,,56,,71,85
32,3,3,8,,29,,43,,64,77,
32,4,1,,10,,35,,58,,72,80
32,4,2,2,17,,,41,,61,,86
32,4,3,6,,27,,42,,68,,89
32,5,1,4,,21,30,,53,,73,
32,5,2,,,26,33,,59,60,75,
32,5,3,,18,,37,44,,67,,87
32,6,1,,13,,39,,51,66,,81
32,6,2,7,,24,,40,55,,,83
32,6,3,,15,28,,46,57,,79,
33,1,1,,15,21,,44,55,,,86
33,1,2,,18,,30,,59,60,70,
33,1,3,6,,24,39,,,66,73,
33,2,1,2,,26,,40,53,,,80
33,2,2,7,,,33,42,,,71,83
33,2,3,,17,,35,48,,68,,87
33,3,1,1,10,,37,,,61,72,
33,3,2,,13,27,,,57,,75,89
33,3,3,4,,28,,47,,67,79,
33,4,1,,12,,36,,50,,78,81
33,4,2,3,16,,,43,,62,,85
33,4,3,8,,25,,46,,69,,90
33,5,1,5,,20,32,,51,,74,
33,5,2,,,29,34,,56,64,76,
33,5,3,,11,,38,49,,65,,88
33,6,1,,14,,31,,52,63,,82
33,6,2,9,,22,,41,54,,,84
33,6,3,,19,23,,45,58,,77,
34,1,1,,10,23,,43,,,78,80
34,1,2,1,16,,35,,58,,,82
34,1,3,4,,29,,48,,63,,85
34,2,1,,,20,30,,51,64,71,
34,2,2,3,,22,39,,55,,,86
34,2,3,,13,25,,41,,65,76,
34,3,1,,14,,,45,56,,73,81
34,3,2,,17,27,,,,61,77,83
34,3,3,7,19,,36,,,66,,87
34,4,1,2,,,31,47,,,72,84
34,4,2,5,18,,33,,54,67,,
34,4,3,9,,24,,49,,,79,90
34,5,1,6,,,32,40,50,,70,
34,5,2,,,28,,46,52,62,,89
34,5,3,,12,,38,,59,69,75,
34,6,1,,11,,34,42,53,,,88
34,6,2,8,,21,37,,57,60,,
34,6,3,,15,26,,44,,68,74,
35,1,1,,14,24,,40,,,74,84
35,1,2,2,18,,38,,52,,,89
35,1,3,6,,28,,49,,69,,90
35,2,1,,,21,32,,50,60,72,
35,2,2,5,,23,37,,57,,,85
35,2,3,,17,27,,47,,67,75,
35,3,1,,10,,,46,59,,70,80
35,3,2,,12,22,,,,62,79,86
35,3,3,9,15,,31,,,68,,88
35,4,1,1,,,35,41,,,71,81
35,4,2,3,11,,39,,51,64,,
35,4,3,7,,26,,44,,,73,83
35,5,1,8,,,34,42,53,,76,
35,5,2,,,25,,48,55,61,,82
35,5,3,,13,,36,,58,65,78,
35,6,1,,16,,30,43,54,,,87
35,6,2,4,,20,33,,56,63,,
35,6,3,,19,29,,45,,66,77,
36,1,1,1,,20,,44,,65,,86
36,1,2,,12,24,,49,,69,,88
36,1,3,7,17,,37,,59,,75,
36,2,1,,10,,32,,54,,77,80
36,2,2,3,,21,,43,,,78,83
36,2,3,,19,,39,,,62,79,87
36,3,1,6,,29,,41,50,,,85
36,3,2,8,14,,,45,52,,,90
36,3,3,,16,,38,,56,68,73,
36,4,1,,11,23,,47,,63,70,
36,4,2,2,,,30,,55,,74,81
36,4,3,9,,28,35,,,67,76,
36,5,1,5,,26,,40,51,,72,
36,5,2,,13,,,42,58,61,,82
36,5,3,,15,,36,46,,64,,84
36,6,1,,,22,31,48,,60,,89
36,6,2,4,,25,33,,53,,71,
36,6,3,,18,27,34,,57,66,,
37,1,1,2,,22,,44,,60,,82
37,1,2,,10,28,,47,,64,,89
37,1,3,6,14,,35,,58,,77,
37,2,1,,13,,33,,51,,70,81
37,2,2,9,,25,,42,,,72,84
37,2,3,,18,,37,,,67,76,88
37,3,1,3,,27,,40,53,,,80
37,3,2,5,11,,,48,55,,,86
37,3,3,,15,,30,,57,63,79,
37,4,1,,16,20,,46,,66,71,
37,4,2,1,,,31,,56,,73,85
37,4,3,4,,29,38,,,69,78,
37,5,1,8,,24,,41,52,,75,
37,5,2,,12,,,43,59,65,,83
37,5,3,,19,,34,49,,68,,90
37,6,1,,,21,32,45,,61,,87
37,6,2,7,,23,36,,50,,74,
37,6,3,,17,26,39,,54,62,,
38,1,1,,,21,31,,50,61,,86
38,1,2,,13,,34,,52,65,76,
38,1,3,9,,28,,45,56,69,,
38,2,1,2,,25,,49,,62,,80
38,2,2,4,12,27,,,,66,,84
38,2,3,7,16,,37,,51,,71,
38,3,1,,15,,35,,,67,72,81
38,3,2,6,,22,39,,53,,74,
38,3,3,,18,29,,47,,,78,88
38,4,1,1,10,,,41,55,,,89
38,4,2,5,17,,32,,57,,79,
38,4,3,,19,24,,48,59,60,,
38,5,1,8,,,30,42,,64,,82
38,5,2,,,23,,43,58,,73,87
38,5,3,,11,,33,44,,,75,90
38,6,1,,,20,36,,54,,70,83
38,6,2,,14,26,,40,,63,,85
38,6,3,3,,,38,46,,68,77,
39,1,1,,,24,30,,53,62,,87
39,1,2,,17,,38,,55,64,75,
39,1,3,1,,29,,41,58,68,,
39,2,1,3,,22,,46,,60,,88
39,2,2,6,10,26,,,,67,,90
39,2,3,9,14,,36,,56,,74,
39,3,1,,11,,32,,,63,70,82
39,3,2,5,,20,37,,57,,73,
39,3,3,,19,23,,44,,,77,85
39,4,1,2,12,,,43,51,,,81
39,4,2,8,13,,34,,52,,78,
39,4,3,,18,28,,47,54,69,,
39,5,1,4,,,31,40,,65,,80
39,5,2,,,25,,45,50,,71,83
39,5,3,,16,,35,49,,,76,89
39,6,1,,,21,33,,59,,72,84
39,6,2,,15,27,,42,,61,,86
39,6,3,7,,,39,48,,66,79,
40,1,1,,15,20,,41,,,72,80
40,1,2,1,,22,34,,,65,,84
40,1,3,7,,25,,,50,,75,89
40,2,1,,,26,,40,53,64,,87
40,2,2,3,,29,33,,57,,73,
40,2,3,,14,,39,43,,66,79,
40,3,1,6,,,31,,52,,70,82
40,3,2,,,27,37,,59,60,76,
40,3,3,,19,,38,42,,67,,85
40,4,1,2,10,24,,48,,62,,
40,4,2,5,12,,32,,,69,,90
40,4,3,8,17,28,,,56,,78,
40,5,1,,11,,36,45,,61,,81
40,5,2,,13,21,,47,51,,,83
40,5,3,4,16,,,49,58,,74,
40,6,1,,,23,,44,54,63,,86
40,6,2,9,,,30,46,,68,71,
40,6,3,,18,,35,,55,,77,88
41,1,1,,17,21,,47,,,74,85
41,1,2,2,,23,37,,,63,,86
41,1,3,9,,28,,,55,,76,90
41,2,1,,,20,,44,52,61,,83
41,2,2,5,,24,31,,58,,70,
41,2,3,,12,,36,48,,68,78,
41,3,1,8,,,30,,51,,71,80
41,3,2,,,29,32,,54,62,77,
41,3,3,,13,,35,45,,65,,88
41,4,1,1,11,22,,49,,60,,
41,4,2,4,14,,39,,,66,,89
41,4,3,6,18,26,,,53,,73,
41,5,1,,10,,34,40,,67,,82
41,5,2,,15,25,,42,57,,,87
41,5,3,3,19,,,46,59,,75,
41,6,1,,,27,,41,50,64,,81
41,6,2,7,,,33,43,,69,72,
41,6,3,,16,,38,,56,,79,84
42,1,1,1,,22,,,50,,71,82
42,1,2,,13,,36,,58,,74,86
42,1,3,9,,27,,43,,66,,90
42,2,1,,,24,32,40,,60,,80
42,2,2,5,,28,,42,51,68,,
42,2,3,,12,,38,45,55,,75,
42,3,1,8,,,31,,,62,70,83
42,3,2,,18,,33,44,,69,72,
42,3,3,,,29,39,,59,,78,87
42,4,1,4,11,20,,41,,64,,
42,4,2,,14,26,,49,52,,77,
42,4,3,7,19,,35,,56,,,89
42,5,1,2,10,,30,,53,61,,
42,5,2,,15,21,34,,57,,79,
42,5,3,6,,23,,47,,63,,85
42,6,1,,,25,,46,54,,73,81
42,6,2,3,16,,37,,,65,,84
42,6,3,,17,,,48,,67,76,88
43,1,1,2,,20,,,52,,76,81
43,1,2,,19,,39,,57,,78,85
43,1,3,7,,25,,48,,64,,89
43,2,1,,,21,31,41,,61,,84
43,2,2,4,,26,,43,54,67,,
43,2,3,,14,,35,47,56,,72,
43,3,1,1,,,32,,,63,73,80
43,3,2,,15,,34,46,,65,77,
43,3,3,,,23,37,,53,,79,88
43,4,1,3,10,22,,40,,68,,
43,4,2,,13,29,,45,50,,71,
43,4,3,9,16,,30,,55,,,87
43,5,1,5,12,,36,,51,60,,
43,5,2,,17,24,38,,59,,75,
43,5,3,8,,27,,49,,69,,82
43,6,1,,,28,,42,58,,70,83
43,6,2,6,11,,33,,,62,,86
43,6,3,,18,,,44,,66,74,90
44,1,1,1,,,31,46,53,,,80
44,1,2,9,,24,34,,55,60,,
44,1,3,,12,,38,47,,68,75,
44,2,1,3,,22,30,,52,,,82
44,2,2,6,10,,35,,57,,71,
44,2,3,,19,27,,40,,67,,85
44,3,1,7,,,,42,50,,70,88
44,3,2,,11,21,,43,,63,,90
44,3,3,,15,,36,45,,64,76,
44,4,1,,13,20,,48,,69,,81
44,4,2,2,17,,32,,51,,72,
44,4,3,5,,23,37,,54,,77,
44,5,1,,,26,33,,58,61,,86
44,5,2,4,,28,,44,,,74,89
44,5,3,,14,29,,49,,65,79,
44,6,1,,16,,,41,56,,73,83
44,6,2,,18,,39,,59,62,,84
44,6,3,8,,25,,,,66,78,87
45,1,1,2,,,30,41,51,,,83
45,1,2,4,,28,32,,59,61,,
45,1,3,,11,,36,48,,69,74,
45,2,1,1,,20,37,,56,,,87
45,2,2,8,16,,39,,58,,77,
45,2,3,,17,26,,49,,65,,89
45,3,1,5,,,,40,54,,72,84
45,3,2,,13,29,,44,,60,,86
45,3,3,,18,,33,47,,62,78,
45,4,1,,10,21,,42,,68,,88
45,4,2,3,14,,31,,50,,73,
45,4,3,7,,25,35,,57,,76,
45,5,1,,,22,38,,55,64,,80
45,5,2,9,,23,,45,,,71,85
45,5,3,,15,27,,46,,66,75,
45,6,1,,12,,,43,52,,70,81
45,6,2,,19,,34,,53,63,,82
45,6,3,6,,24,,,,67,79,90
46,1,1,2,,21,,41,51,,,81
46,1,2,,14,27,,47,,67,71,
46,1,3,4,,28,39,,54,,75,
46,2,1,,13,,30,,,66,72,83
46,2,2,7,,22,,44,,68,,85
46,2,3,,15,,38,,57,,79,88
46,3,1,,10,,35,42,,65,,84
46,3,2,,16,25,,49,55,,76,
46,3,3,5,18,,37,,,69,,89
46,4,1,,12,,31,,52,61,70,
46,4,2,1,,20,36,,,64,,80
46,4,3,6,,26,,40,59,,74,
46,5,1,3,,23,32,,53,62,,
46,5,2,8,11,,34,,58,,77,
46,5,3,,19,29,,43,,63,,90
46,6,1,9,,,,45,50,,73,82
46,6,2,,,24,,46,56,,78,86
46,6,3,,17,,33,48,,60,,87
47,1,1,3,,23,,42,53,,,82
47,1,2,,18,24,,46,,63,73,
47,1,3,9,,26,31,,56,,74,
47,2,1,,10,,32,,,60,70,81
47,2,2,6,,29,,48,,64,,84
47,2,3,,19,,33,,59,,78,90
47,3,1,,11,,34,41,,67,,83
47,3,2,,12,20,,45,52,,77,
47,3,3,1,17,,36,,,68,,86
47,4,1,,14,,30,,51,62,72,
47,4,2,2,,25,37,,,69,,87
47,4,3,8,,28,,44,55,,76,
47,5,1,5,,22,38,,50,61,,
47,5,2,7,15,,39,,57,,71,
47,5,3,,16,27,,47,,65,,85
47,6,1,4,,,,40,54,,75,80
47,6,2,,,21,,43,58,,79,88
47,6,3,,13,,35,49,,66,,89
48,1,1,1,,23,,42,,61,73,
48,1,2,5,12,,35,,52,,,83
48,1,3,9,,26,,45,58,,78,
48,2,1,,11,21,,,57,66,71,
48,2,2,3,,28,,49,,68,,81
48,2,3,,17,,39,,,69,75,84
48,3,1,7,,,,44,54,,70,85
48,3,2,,16,,32,48,56,,72,
48,3,3,,,22,36,,,63,76,88
48,4,1,,,20,30,,50,62,,82
48,4,2,2,,24,34,,51,,77,
48,4,3,,19,27,,46,59,65,,
48,5,1,4,10,,,40,53,,,86
48,5,2,,14,,38,41,,,74,87
48,5,3,6,,29,,47,,67,,89
48,6,1,,13,,31,,,60,79,80
48,6,2,,15,25,33,,55,,,90
48,6,3,8,18,,37,43,,64,,
49,1,1,2,,20,,41,,62,70,
49,1,2,4,14,,33,,51,,,86
49,1,3,8,,29,,43,55,,72,
49,2,1,,10,24,,,59,60,74,
49,2,2,5,,25,,47,,64,,82
49,2,3,,13,,37,,,67,76,90
49,3,1,6,,,,40,50,,71,80
49,3,2,,15,,30,46,53,,77,
49,3,3,,,27,31,,,65,79,89
49,4,1,,,21,35,,52,61,,87
49,4,2,1,,22,39,,56,,73,
49,4,3,,12,26,,48,57,68,,
49,5,1,3,17,,,42,58,,,81
49,5,2,,18,,36,44,,,75,83
49,5,3,9,,28,,49,,66,,88
49,6,1,,11,,32,,,63,78,84
49,6,2,,16,23,34,,54,,,85
49,6,3,7,19,,38,45,,69,,
50,1,1,3,,25,,,50,62,73,
50,1,2,4,11,,33,,57,,77,
50,1,3,,15,26,,46,,67,,82
50,2,1,,,20,,44,,61,71,85
50,2,2,6,,27,,49,56,,,87
50,2,3,,14,,37,,,64,74,88
50,3,1,8,,28,,41,,60,,81
50,3,2,,,29,,43,53,,79,86
50,3,3,,12,,39,48,,65,,90
50,4,1,,10,,31,,51,,72,89
50,4,2,1,13,,35,42,,66,,
50,4,3,2,,24,38,,59,,78,
50,5,1,5,,,30,45,,63,,83
50,5,2,,17,21,,47,54,,76,
50,5,3,9,,22,32,,58,68,,
50,6,1,,16,,34,,52,,70,80
50,6,2,,18,23,,40,,69,,84
50,6,3,7,19,,36,,55,,75,
51,1,1,1,,21,,,51,63,70,
51,1,2,9,10,,35,,54,,76,
51,1,3,,18,23,,45,,69,,86
51,2,1,,,22,,40,,66,75,80
51,2,2,2,,24,,47,59,,,81
51,2,3,,19,,32,,,68,78,89
51,3,1,5,,25,,42,,61,,82
51,3,2,,,27,,46,58,,72,84
51,3,3,,13,,38,49,,67,,88
51,4,1,,12,,30,,52,,71,90
51,4,2,4,16,,36,43,,65,,
51,4,3,7,,28,37,,53,,79,
51,5,1,3,,,31,41,,60,,85
51,5,2,,11,20,,44,50,,77,
51,5,3,8,,29,34,,55,62,,
51,6,1,,14,,33,,56,,73,83
51,6,2,,15,26,,48,,64,,87
51,6,3,6,17,,39,,57,,74,
52,1,1,,13,,33,43,51,,,80
52,1,2,3,,20,39,45,,64,,
52,1,3,,18,26,,47,59,,73,
52,2,1,5,,,34,,54,,71,82
52,2,2,,12,28,,49,,66,,84
52,2,3,,17,,36,,56,,76,90
52,3,1,,11,,30,41,,,70,83
52,3,2,2,,23,,46,55,,74,
52,3,3,,15,,38,48,,63,77,
52,4,1,1,,21,,,50,61,,81
52,4,2,9,,24,,42,,65,72,
52,4,3,,16,,37,,52,68,,86
52,5,1,4,,22,,,53,60,,85
52,5,2,,19,25,,44,,69,,87
52,5,3,6,,29,32,,58,,78,
52,6,1,7,10,,31,,,62,75,
52,6,2,,14,,35,,57,,79,88
52,6,3,8,,27,,40,,67,,89
53,1,1,,11,,31,40,50,,,89
53,1,2,9,,26,38,41,,62,,
53,1,3,,14,27,,44,57,,77,
53,2,1,4,,,30,,52,,70,81
53,2,2,,15,25,,48,,69,,85
53,2,3,,16,,32,,58,,75,88
53,3,1,,10,,35,42,,,72,86
53,3,2,8,,29,,45,53,,78,
53,3,3,,19,,37,49,,65,79,
53,4,1,1,,20,,,54,60,,80
53,4,2,6,,22,,47,,63,73,
53,4,3,,17,,33,,55,66,,82
53,5,1,2,,21,,,51,61,,83
53,5,2,,13,23,,43,,67,,90
53,5,3,7,,28,36,,56,,76,
53,6,1,3,12,,34,,,64,71,
53,6,2,,18,,39,,59,,74,84
53,6,3,5,,24,,46,,68,,87
54,1,1,1,,,32,42,51,,,83
54,1,2,3,19,,35,,,67,,88
54,1,3,6,,22,,48,55,,75,
54,2,1,,15,20,,,50,62,72,
54,2,2,5,,28,,49,,65,,80
54,2,3,,17,,37,,58,,73,82
54,3,1,,10,21,30,,53,,71,
54,3,2,,,27,31,,,66,74,84
54,3,3,9,,,33,43,59,,79,
54,4,1,2,12,23,,,,64,,87
54,4,2,7,,25,34,41,,,77,
54,4,3,,18,29,38,,56,,,90
54,5,1,8,,,,45,52,60,,81
54,5,2,,11,26,,46,54,,78,
54,5,3,,16,,36,47,,68,,86
54,6,1,,13,,,40,57,61,,85
54,6,2,4,,24,,44,,63,70,
54,6,3,,14,,39,,,69,76,89
55,1,1,2,,,32,41,53,,,85
55,1,2,4,13,,33,,,63,,90
55,1,3,7,,22,,46,56,,74,
55,2,1,,16,20,,,52,60,71,
55,2,2,3,,28,,47,,69,,87
55,2,3,,18,,35,,54,,76,89
55,3,1,,17,21,30,,50,,70,
55,3,2,,,27,37,,,64,77,86
55,3,3,6,,,38,45,57,,78,
55,4,1,1,11,23,,,,68,,80
55,4,2,8,,25,31,44,,,75,
55,4,3,,14,29,39,,59,,,84
55,5,1,9,,,,40,51,61,,82
55,5,2,,12,26,,42,58,,73,
55,5,3,,15,,36,49,,66,,88
55,6,1,,10,,,43,55,62,,81
55,6,2,5,,24,,48,,65,72,
55,6,3,,19,,34,,,67,79,83
56,1,1,,13,,36,,50,63,,80
56,1,2,2,,21,,44,,66,75,
56,1,3,7,,27,37,,54,,,85
56,2,1,,10,22,,,52,,76,84
56,2,2,9,,24,,45,57,,,87
56,2,3,,17,,32,46,,69,,90
56,3,1,,,29,,41,,62,70,81
56,3,2,8,,,30,49,,68,71,
56,3,3,,16,,34,,55,,78,89
56,4,1,1,,20,31,,59,,72,
56,4,2,,18,,39,42,,60,,83
56,4,3,4,,23,,47,,65,77,
56,5,1,3,11,,,40,,64,,82
56,5,2,5,14,,38,,51,,73,
56,5,3,,19,26,,,58,67,,88
56,6,1,6,,25,33,43,,,,86
56,6,2,,12,28,,48,53,,74,
56,6,3,,15,,35,,56,61,79,
57,1,1,,14,,30,,53,61,,82
57,1,2,1,,20,,43,,67,74,
57,1,3,5,,26,39,,58,,,86
57,2,1,,12,23,,,51,,77,80
57,2,2,4,,28,,40,56,,,81
57,2,3,,15,,35,47,,64,,88
57,3,1,,,25,,42,,60,72,83
57,3,2,2,,,33,48,,63,76,
57,3,3,,19,,38,,59,,79,84
57,4,1,3,,21,32,,52,,71,
57,4,2,,17,,37,41,,62,,87
57,4,3,7,,29,,46,,69,73,
57,5,1,6,10,,,49,,66,,85
57,5,2,9,13,,31,,54,,75,
57,5,3,,16,22,,,55,68,,90
57,6,1,8,,24,34,44,,,,89
57,6,2,,11,27,,45,50,,70,
57,6,3,,18,,36,,57,65,78,
58,1,1,,16,23,,46,,,71,82
58,1,2,1,,,32,48,,66,,88
58,1,3,8,,25,35,,53,,77,
58,2,1,3,,22,,,52,62,,84
58,2,2,7,12,28,,42,,67,,
58,2,3,,18,,39,,56,,74,90
58,3,1,6,15,,,44,59,,75,
58,3,2,,19,,33,47,,63,,81
58,3,3,9,,26,,,,65,79,85
58,4,1,,10,,34,,54,,70,80
58,4,2,2,,21,,40,,60,,89
58,4,3,,17,24,,49,,64,73,
58,5,1,5,,,30,,50,61,72,
58,5,2,,,27,31,,55,68,78,
58,5,3,,14,,38,45,58,,,83
58,6,1,,11,20,,41,,69,76,
58,6,2,,13,,36,43,51,,,86
58,6,3,4,,29,37,,57,,,87
59,1,1,1,15,,30,40,,69,,
59,1,2,3,,25,34,,53,,,85
59,1,3,6,17,,,48,55,,77,
59,2,1,,,21,35,,50,,70,87
59,2,2,4,,23,,42,,62,74,
59,2,3,,14,26,,,59,66,,90
59,3,1,,10,,,46,,65,72,80
59,3,2,8,12,,39,,,67,73,
59,3,3,,19,28,,,56,,79,82
59,4,1,2,11,,,44,,60,,81
59,4,2,,18,,31,,,64,78,86
59,4,3,9,,22,37,,54,,,89
59,5,1,7,,,32,41,51,,,83
59,5,2,,,29,,47,57,,71,88
59,5,3,,13,,36,,58,63,76,
59,6,1,,,20,33,43,,61,,84
59,6,2,,16,24,,45,52,,75,
59,6,3,5,,27,38,49,,68,,
60,1,1,,10,20,,40,,,72,82
60,1,2,2,,,34,45,,68,,90
60,1,3,5,,24,36,,51,,73,
60,2,1,1,,21,,,50,64,,84
60,2,2,6,13,29,,41,,69,,
60,2,3,,17,,37,,58,,70,88
60,3,1,4,11,,,43,55,,76,
60,3,2,,14,,30,49,,60,,85
60,3,3,8,,27,,,,61,78,89
60,4,1,,16,,31,,56,,71,81
60,4,2,3,,22,,42,,62,,86
60,4,3,,19,25,,46,,66,74,
60,5,1,9,,,33,,52,65,75,
60,5,2,,,28,35,,54,67,77,
60,5,3,,12,,39,47,57,,,83
60,6,1,,15,23,,44,,63,79,
60,6,2,,18,,32,48,53,,,80
60,6,3,7,,26,38,,59,,,87
61,1,1,2,10,,36,43,,69,,
61,1,2,5,,24,38,,50,,,84
61,1,3,7,12,,,47,52,,72,
61,2,1,,,22,33,,51,,73,83
61,2,2,9,,27,,45,,60,76,
61,2,3,,18,29,,,58,63,,89
61,3,1,,11,,,49,,61,71,81
61,3,2,6,13,,32,,,64,75,
61,3,3,,16,20,,,57,,77,88
61,4,1,1,15,,,46,,62,,80
61,4,2,,19,,30,,,65,74,85
61,4,3,4,,23,39,,53,,,87
61,5,1,3,,,35,40,54,,,82
61,5,2,,,21,,42,56,,70,86
61,5,3,,14,,37,,59,66,78,
61,6,1,,,25,31,41,,67,,90
61,6,2,,17,26,,44,55,,79,
61,6,3,8,,28,34,48,,68,,
62,1,1,4,12,,,41,,62,,80
62,1,2,7,,21,,46,,66,,85
62,1,3,,16,,37,,54,,70,88
62,2,1,,13,27,,40,51,,,87
62,2,2,3,,,39,,53,64,71,
62,2,3,8,,29,,42,56,,78,
62,3,1,,11,,33,,,67,72,83
62,3,2,1,14,,35,,57,,,84
62,3,3,,19,24,,48,,69,75,
62,4,1,2,,,36,,59,,73,81
62,4,2,,15,,38,43,,61,76,
62,4,3,9,,25,,49,,65,,82
62,5,1,,10,20,,44,,60,74,
62,5,2,6,,23,31,,50,,79,
62,5,3,,18,28,34,,,68,,89
62,6,1,5,,22,30,,52,,,86
62,6,2,,17,,32,45,55,,77,
62,6,3,,,26,,47,58,63,,90
63,1,1,2,12,,,44,,64,,81
63,1,2,6,,23,,47,,65,,86
63,1,3,,17,,32,,55,,75,89
63,2,1,,14,20,,41,50,,,82
63,2,2,5,,,38,,52,68,74,
63,2,3,9,,26,,49,54,,76,
63,3,1,,10,,30,,,61,73,83
63,3,2,3,13,,34,,58,,,90
63,3,3,,18,25,,43,,63,77,
63,4,1,1,,,31,,56,,72,80
63,4,2,,16,,37,42,,62,79,
63,4,3,4,,28,,45,,69,,85
63,5,1,,11,21,,40,,60,70,
63,5,2,8,,22,35,,53,,78,
63,5,3,,15,24,39,,,66,,88
63,6,1,7,,27,33,,51,,,84
63,6,2,,19,,36,46,57,,71,
63,6,3,,,29,,48,59,67,,87
64,1,1,,12,,30,,50,63,,84
64,1,2,5,,24,34,,55,,72,
64,1,3,,19,,35,42,56,,76,
64,2,1,8,,23,,45,,64,,80
64,2,2,,13,,37,,51,,71,89
64,2,3,9,,27,,,52,69,78,
64,3,1,,14,,31,46,,60,,83
64,3,2,2,,26,38,,57,,73,
64,3,3,,18,,39,48,,68,,86
64,4,1,1,,20,,41,,62,,85
64,4,2,7,,25,,44,,67,70,
64,4,3,,15,,33,,58,,79,90
64,5,1,6,,22,,40,,61,,82
64,5,2,,11,29,,43,,,74,87
64,5,3,,16,,36,,54,66,77,
64,6,1,3,,21,32,,53,,75,
64,6,2,,10,28,,47,59,,,81
64,6,3,4,17,,,49,,65,,88
65,1,1,1,,22,,40,,65,,84
65,1,2,8,,23,35,,51,,73,
65,1,3,,16,29,,45,,68,,86
65,2,1,,11,,32,,53,64,,87
65,2,2,2,19,,36,,58,,70,
65,2,3,5,,26,,44,,67,75,
65,3,1,,14,,34,43,,60,,81
65,3,2,,15,,38,,54,,74,89
65,3,3,4,,21,,49,57,,78,
65,4,1,3,,25,31,,,61,,83
65,4,2,7,,27,,46,,69,,85
65,4,3,,10,,39,,50,,79,90
65,5,1,,12,,30,,55,,71,80
65,5,2,6,,24,,42,,62,,82
65,5,3,,17,,37,47,56,,76,
65,6,1,9,,20,,41,52,,72,
65,6,2,,13,28,,48,,63,,88
65,6,3,,18,,33,,59,66,77,
66,1,1,4,10,,31,42,,,75,
66,1,2,8,,25,34,,55,60,,
66,1,3,,13,28,,48,,62,,89
66,2,1,5,,27,,43,,65,,83
66,2,2,9,12,,33,,59,,72,
66,2,3,,17,,37,49,,,77,88
66,3,1,6,,20,39,,,66,,85
66,3,2,,,22,,40,56,,74,90
66,3,3,,15,29,,45,57,,76,
66,4,1,,11,,38,,51,61,70,
66,4,2,2,18,,,47,53,,79,
66,4,3,3,,26,,,54,69,,81
66,5,1,,14,,30,,52,63,,80
66,5,2,7,,23,32,,,64,,84
66,5,3,,19,,35,46,,68,73,
66,6,1,,,21,,41,,67,71,82
66,6,2,1,,24,,44,50,,,86
66,6,3,,16,,36,,58,,78,87
67,1,1,2,11,,32,44,,,70,
67,1,2,7,,20,36,,53,63,,
67,1,3,,19,23,,47,,69,,82
67,2,1,1,,26,,41,,64,,85
67,2,2,4,14,,30,,51,,73,
67,2,3,,16,,38,46,,,78,87
67,3,1,3,,21,35,,,67,,81
67,3,2,,,24,,42,54,,71,84
67,3,3,,18,28,,48,58,,79,
67,4,1,,12,,37,,50,60,75,
67,4,2,5,15,,,40,52,,77,
67,4,3,8,,22,,,59,66,,89
67,5,1,,10,,31,,57,61,,86
67,5,2,9,,29,33,,,62,,88
67,5,3,,17,,39,49,,65,74,
67,6,1,,,25,,43,,68,72,80
67,6,2,6,,27,,45,55,,,83
67,6,3,,13,,34,,56,,76,90
68,1,1,,12,,30,40,51,,76,
68,1,2,5,16,,36,49,,,79,
68,1,3,,17,23,,,55,68,,86
68,2,1,2,,25,32,42,,62,,
68,2,2,,18,26,,43,,69,,83
68,2,3,7,,29,35,,57,,72,
68,3,1,8,15,,,46,52,,71,
68,3,2,,,20,31,,58,,77,89
68,3,3,,19,,37,47,,64,,90
68,4,1,,10,,33,44,,,70,80
68,4,2,1,13,,38,,54,,74,
68,4,3,4,,24,,48,,65,,82
68,5,1,,,22,,41,50,66,,81
68,5,2,,14,,39,,,67,73,84
68,5,3,3,,28,,,56,,78,87
68,6,1,6,,21,,,53,60,,85
68,6,2,9,,27,34,,59,61,,
68,6,3,,11,,,45,,63,75,88
69,1,1,,14,,31,41,56,,70,
69,1,2,4,18,,38,45,,,73,
69,1,3,,19,22,,,58,67,,84
69,2,1,3,,23,34,44,,63,,
69,2,2,,13,24,,49,,65,,87
69,2,3,5,,28,37,,53,,78,
69,3,1,9,10,,,40,50,,74,
69,3,2,,,29,33,,59,,75,80
69,3,3,,11,,39,48,,61,,85
69,4,1,,12,,35,42,,,71,81
69,4,2,2,15,,36,,55,,79,
69,4,3,6,,26,,46,,66,,90
69,5,1,,,20,,47,52,60,,82
69,5,2,,17,,30,,,69,72,86
69,5,3,7,,27,,,54,,77,88
69,6,1,1,,21,,,51,62,,83
69,6,2,8,,25,32,,57,64,,
69,6,3,,16,,,43,,68,76,89
70,1,1,,16,,30,43,,62,,80
70,1,2,2,,23,32,45,,,79,
70,1,3,6,,27,37,,54,,,82
70,2,1,3,11,,,41,,,71,81
70,2,2,,12,24,,44,,67,,83
70,2,3,,15,,31,,59,,78,88
70,3,1,,10,,,40,50,,70,89
70,3,2,5,,21,34,,57,,75,
70,3,3,,19,28,,49,,65,77,
70,4,1,1,,,39,,53,60,,86
70,4,2,4,13,,,42,55,66,,
70,4,3,8,,20,,,56,69,74,
70,5,1,,,25,35,,52,63,,84
70,5,2,7,,,36,46,,68,,87
70,5,3,,17,,,48,58,,72,90
70,6,1,,14,22,33,,,61,73,
70,6,2,,18,26,,47,,64,,85
70,6,3,9,,29,38,,51,,76,
71,1,1,,15,,33,42,,60,,83
71,1,2,1,,21,35,49,,,75,
71,1,3,7,,26,39,,55,,,84
71,2,1,2,10,,,40,,,70,86
71,2,2,,17,29,,48,,66,,88
71,2,3,,18,,32,,56,,76,90
71,3,1,,13,,,46,51,62,,89
71,3,2,4,,22,37,,53,,74,
71,3,3,,14,25,,47,,69,79,
71,4,1,3,,,36,,50,,71,80
71,4,2,5,16,,,44,52,63,,
71,4,3,9,,27,,,57,64,77,
71,5,1,,,20,30,,54,61,,81
71,5,2,8,,,38,41,,67,,85
71,5,3,,11,,,43,59,,73,87
71,6,1,,12,23,31,,,65,72,
71,6,2,,19,24,,45,,68,,82
71,6,3,6,,28,34,,58,,78,
72,1,1,,10,22,,41,51,62,,
72,1,2,1,,,37,,57,,74,84
72,1,3,8,17,,,47,,67,75,
72,2,1,3,11,,,43,,61,,81
72,2,2,,16,,38,,,65,72,83
72,2,3,5,,24,,,53,,79,89
72,3,1,,,21,,44,56,,77,80
72,3,2,7,,27,31,,58,,,82
72,3,3,,18,,35,49,,69,,88
72,4,1,,12,,36,,54,60,,85
72,4,2,2,,25,,48,,64,73,
72,4,3,,19,,39,,55,,78,90
72,5,1,4,,20,32,40,,63,,
72,5,2,6,,26,33,,50,,,86
72,5,3,,14,29,,45,,68,76,
72,6,1,,13,23,30,,52,,70,
72,6,2,9,15,,34,42,,66,,
72,6,3,,,28,,46,59,,71,87
73,1,1,,14,29,,40,52,63,,
73,1,2,2,,,30,,54,,70,81
73,1,3,9,19,,,42,,64,78,
73,2,1,1,12,,,45,,60,,80
73,2,2,,15,,39,,,68,71,86
73,2,3,6,,28,,,59,,76,90
73,3,1,,,20,,46,55,,73,85
73,3,2,4,,23,32,,57,,,87
73,3,3,,13,,36,48,,66,,89
73,4,1,,11,,33,,50,61,,82
73,4,2,5,,26,,43,,67,72,
73,4,3,,18,,37,,53,,75,88
73,5,1,3,,22,31,41,,62,,
73,5,2,8,,24,34,,51,,,83
73,5,3,,17,27,,49,,69,74,
73,6,1,,10,21,35,,56,,77,
73,6,2,7,16,,38,44,,65,,
73,6,3,,,25,,47,58,,79,84
74,1,1,1,,22,32,,53,,71,
74,1,2,8,,25,38,,,62,,80
74,1,3,,18,27,,46,,66,73,
74,2,1,3,12,,,43,,64,,85
74,2,2,,14,,35,,59,,79,87
74,2,3,9,,23,,48,,68,,90
74,3,1,5,,29,,40,50,63,,
74,3,2,7,11,,,44,55,,74,
74,3,3,,17,,36,,58,,77,89
74,4,1,,10,,31,42,,,76,82
74,4,2,2,,20,39,,,69,,84
74,4,3,,15,24,,,51,,78,86
74,5,1,4,,26,,41,52,,75,
74,5,2,,13,,30,45,,60,,81
74,5,3,,16,,34,,54,67,,83
74,6,1,,,21,33,,56,61,70,
74,6,2,,19,28,,47,57,,72,
74,6,3,6,,,37,49,,65,,88
75,1,1,1,,20,,42,55,,73,
75,1,2,,15,,38,45,,60,,84
75,1,3,9,,25,,47,,,77,86
75,2,1,,11,26,,44,,61,,80
75,2,2,2,,29,30,,53,,74,
75,2,3,,18,,37,,56,62,,89
75,3,1,3,,24,,40,,63,75,
75,3,2,,13,,33,,59,64,,90
75,3,3,8,,,36,46,,65,76,
75,4,1,,10,21,,43,,66,,83
75,4,2,4,19,,32,,54,,70,
75,4,3,6,,27,34,,57,,79,
75,5,1,,12,22,,41,,67,,82
75,5,2,,16,,39,,50,,71,87
75,5,3,7,,28,,48,58,,78,
75,6,1,5,,23,,49,,68,,81
75,6,2,,14,,31,,51,69,,85
75,6,3,,17,,35,,52,,72,88
76,1,1,,15,,30,41,,62,,80
76,1,2,4,,21,38,,52,,71,
76,1,3,5,16,28,,,56,,75,
76,2,1,9,,22,,42,57,,72,
76,2,2,,18,,33,43,,65,77,
76,2,3,,19,27,,49,,69,,82
76,3,1,2,,25,,47,,60,,84
76,3,2,,13,,34,,53,,73,86
76,3,3,,17,,36,,55,67,,87
76,4,1,3,,20,,44,,61,,89
76,4,2,,14,,32,,51,66,,90
76,4,3,6,,26,,46,58,,78,
76,5,1,,10,,31,45,54,,70,
76,5,2,,11,,35,,59,,76,81
76,5,3,8,,23,39,,,63,,88
76,6,1,1,,24,,40,,64,,83
76,6,2,7,,29,,48,,68,74,
76,6,3,,12,,37,,50,,79,85
77,1,1,,10,20,,45,,63,,82
77,1,2,,14,,31,,55,,70,90
77,1,3,8,,24,,48,,66,76,
77,2,1,,11,,30,41,,60,73,
77,2,2,3,,28,,46,,68,,86
77,2,3,,16,,38,,50,,78,89
77,3,1,,12,21,,44,,62,,80
77,3,2,6,,25,32,,52,,74,
77,3,3,,19,,37,,58,67,,84
77,4,1,1,,23,,40,,61,,85
77,4,2,,17,,34,,56,,71,88
77,4,3,4,,27,,49,59,,77,
77,5,1,5,,22,33,,53,,79,
77,5,2,,18,,36,,57,64,,81
77,5,3,7,,29,,42,,69,,83
77,6,1,2,13,,35,,51,,72,
77,6,2,9,,26,,43,54,,75,
77,6,3,,15,,39,47,,65,,87
78,1,1,,12,22,,42,,61,,83
78,1,2,,17,,37,,51,,71,88
78,1,3,4,,23,,49,,69,79,
78,2,1,,15,,33,40,,64,72,
78,2,2,5,,27,,47,,66,,81
78,2,3,,19,,35,,54,,77,87
78,3,1,,13,20,,43,,60,,86
78,3,2,7,,29,36,,53,,75,
78,3,3,,18,,39,,59,65,,90
78,4,1,2,,21,,41,,63,,80
78,4,2,,10,,38,,52,,74,82
78,4,3,8,,24,,45,57,,76,
78,5,1,3,,26,31,,50,,78,
78,5,2,,16,,34,,55,62,,84
78,5,3,9,,28,,44,,67,,89
78,6,1,1,11,,30,,56,,70,
78,6,2,6,,25,,46,58,,73,
78,6,3,,14,,32,48,,68,,85
79,1,1,2,,21,30,,55,,70,
79,1,2,7,,24,37,,,61,,84
79,1,3,,15,26,,47,,64,77,
79,2,1,1,13,,,42,,60,,82
79,2,2,,19,,34,,57,,72,83
79,2,3,4,,25,,49,,67,,89
79,3,1,3,,28,,41,52,62,,
79,3,2,6,10,,,43,54,,76,
79,3,3,,16,,31,,56,,78,86
79,4,1,,12,,32,44,,,71,80
79,4,2,5,,22,36,,,63,,85
79,4,3,,17,29,,,50,,75,87
79,5,1,8,,20,,40,51,,74,
79,5,2,,11,,33,46,,65,,88
79,5,3,,18,,39,,58,69,,90
79,6,1,,,23,35,,53,66,73,
79,6,2,,14,27,,45,59,,79,
79,6,3,9,,,38,48,,68,,81
80,1,1,2,12,,,44,54,,,83
80,1,2,7,,26,,49,56,,78,
80,1,3,,18,,31,,58,66,,87
80,2,1,,10,,32,,,63,72,86
80,2,2,5,,22,39,,,67,74,
80,2,3,,,25,,45,57,,79,90
80,3,1,,,21,,40,,60,76,82
80,3,2,,13,,35,42,,61,,89
80,3,3,8,,23,,48,53,64,,
80,4,1,1,,20,,,50,65,,81
80,4,2,3,11,29,,43,,,,84
80,4,3,4,15,,36,,59,,70,
80,5,1,9,14,,30,,,,71,80
80,5,2,,17,27,34,,52,,,85
80,5,3,,19,,38,41,,69,77,
80,6,1,,,24,,46,51,62,,88
80,6,2,6,,28,33,,,68,73,
80,6,3,,16,,37,47,55,,75,
81,1,1,1,12,23,,,53,,,89
81,1,2,4,14,27,,,,61,77,
81,1,3,7,15,,35,47,,68,,
81,2,1,9,,20,,44,50,,,80
81,2,2,,13,,32,46,55,,75,
81,2,3,,19,,34,48,,60,,82
81,3,1,,10,,39,,57,,70,83
81,3,2,,18,21,,40,,,72,88
81,3,3,6,,24,,45,,62,78,
81,4,1,,,25,31,,52,63,,86
81,4,2,2,,28,36,,59,65,,
81,4,3,,17,,37,42,,69,76,
81,5,1,5,,26,,,51,,71,81
81,5,2,,,29,33,,56,,79,84
81,5,3,,16,,38,41,,66,,90
81,6,1,3,,,30,,54,64,73,
81,6,2,,11,,,43,58,,74,85
81,6,3,8,,22,,49,,67,,87
82,1,1,2,10,22,,,52,,,84
82,1,2,5,13,28,,,,63,72,
82,1,3,9,17,,38,48,,66,,
82,2,1,4,,25,,41,56,,,81
82,2,2,,11,,30,43,58,,74,
82,2,3,,18,,33,47,,65,,85
82,3,1,,16,,36,,54,,73,86
82,3,2,,19,20,,42,,,75,90
82,3,3,1,,26,,49,,69,79,
82,4,1,,,21,32,,53,60,,89
82,4,2,3,,29,35,,57,61,,
82,4,3,,14,,39,44,,67,77,
82,5,1,8,,23,,,50,,70,82
82,5,2,,,24,31,,59,,76,87
82,5,3,,12,,34,46,,64,,88
82,6,1,6,,,37,,51,62,71,
82,6,2,,15,,,40,55,,78,80
82,6,3,7,,27,,45,,68,,83
83,1,1,1,10,25,,40,,,,87
83,1,2,3,,29,,49,,63,73,
83,1,3,9,18,,36,,57,,77,
83,2,1,,,27,31,,50,65,,84
83,2,2,4,,,34,41,51,,,88
83,2,3,,17,,39,44,56,,75,
83,3,1,7,,28,30,,,61,71,
83,3,2,,11,,35,,55,,78,83
83,3,3,,19,,38,43,,68,,86
83,4,1,2,,21,,,59,,70,81
83,4,2,,13,23,,42,,66,,85
83,4,3,8,,26,33,,,,79,90
83,5,1,,12,,37,,52,60,,82
83,5,2,,16,20,,46,,62,72,
83,5,3,5,,22,,48,53,67,,
83,6,1,,14,,32,,54,,74,80
83,6,2,6,,24,,45,,64,76,
83,6,3,,15,,,47,58,69,,89
84,1,1,2,12,20,,42,,,,86
84,1,2,5,,24,,47,,67,70,
84,1,3,6,19,,34,,54,,74,
84,2,1,,,23,30,,53,69,,85
84,2,2,3,,,32,40,55,,,89
84,2,3,,15,,37,48,59,,79,
84,3,1,9,,26,31,,,60,72,
84,3,2,,14,,33,,52,,76,80
84,3,3,,16,,36,46,,64,,81
84,4,1,1,,22,,,56,,75,82
84,4,2,,18,25,,45,,62,,83
84,4,3,4,,28,38,,,,77,88
84,5,1,,11,,35,,50,61,,84
84,5,2,,13,21,,41,,63,71,
84,5,3,7,,27,,49,58,66,,
84,6,1,,10,,39,,51,,73,87
84,6,2,8,,29,,43,,65,78,
84,6,3,,17,,,44,57,68,,90
85,1,1,1,10,26,,45,,,,81
85,1,2,,13,29,,48,,60,72,
85,1,3,5,14,,33,,59,,76,
85,2,1,,15,,31,,55,61,,84
85,2,2,3,,22,,40,,67,,88
85,2,3,7,,27,,46,57,,73,
85,3,1,6,,21,32,,,63,,87
85,3,2,,11,,36,43,,65,71,
85,3,3,,,23,,44,50,,78,90
85,4,1,,12,25,,47,,68,,82
85,4,2,2,17,,35,,52,69,,
85,4,3,4,18,28,,,58,,75,
85,5,1,,,20,30,,53,,74,83
85,5,2,9,,,34,42,,62,79,
85,5,3,,16,,39,49,,66,,89
85,6,1,,,24,,41,51,,70,80
85,6,2,,19,,37,,54,,77,85
85,6,3,8,,,38,,56,64,,86
86,1,1,2,11,20,,41,,,,85
86,1,2,,15,25,,47,,66,70,
86,1,3,8,17,,38,,52,,79,
86,2,1,,18,,34,,56,62,,82
86,2,2,1,,24,,42,,69,,89
86,2,3,9,,29,,48,58,,77,
86,3,1,5,,22,30,,,64,,80
86,3,2,,12,,37,40,,68,74,
86,3,3,,,28,,49,54,,75,83
86,4,1,,10,21,,46,,60,,90
86,4,2,3,16,,39,,53,65,,
86,4,3,6,19,27,,,57,,78,
86,5,1,,,23,31,,59,,71,84
86,5,2,4,,,33,43,,61,76,
86,5,3,,14,,36,45,,63,,86
86,6,1,,,26,,44,50,,72,81
86,6,2,,13,,32,,51,,73,87
86,6,3,7,,,35,,55,67,,88
87,1,1,,10,25,,43,50,65,,
87,1,2,7,,26,,47,55,,77,
87,1,3,,15,,36,,56,69,,87
87,2,1,,11,,,44,52,,72,80
87,2,2,,18,,35,,59,60,,84
87,2,3,5,,28,,,,66,76,89
87,3,1,3,,,32,40,,62,,82
87,3,2,9,,22,,49,53,,74,
87,3,3,,13,,39,,58,68,,88
87,4,1,,17,,30,42,,63,75,
87,4,2,1,,20,34,,51,,,90
87,4,3,2,,24,,46,,64,79,
87,5,1,4,12,,,45,,,70,81
87,5,2,,16,21,31,,,67,,86
87,5,3,,19,27,37,,54,,78,
87,6,1,6,,23,33,,57,,71,
87,6,2,,14,,38,41,,,73,83
87,6,3,8,,29,,48,,61,,85
88,1,1,,12,21,,42,52,63,,
88,1,2,4,,29,,48,53,,73,
88,1,3,,14,,38,,54,67,,85
88,2,1,,16,,,46,57,,74,81
88,2,2,,17,,30,,58,61,,83
88,2,3,8,,24,,,,64,75,90
88,3,1,2,,,33,41,,60,,80
88,3,2,6,,26,,45,51,,79,
88,3,3,,19,,37,,59,69,,87
88,4,1,,13,,31,40,,62,70,
88,4,2,3,,22,35,,55,,,88
88,4,3,7,,27,,47,,66,72,
88,5,1,5,10,,,43,,,71,82
88,5,2,,11,23,36,,,68,,89
88,5,3,,15,25,39,,56,,77,
88,6,1,1,,20,32,,50,,76,
88,6,2,,18,,34,44,,,78,84
88,6,3,9,,28,,49,,65,,86
89,1,1,,10,23,,42,,63,,82
89,1,2,,15,,33,,50,,72,83
89,1,3,6,,24,,48,59,,,90
89,2,1,,14,,34,40,51,,,80
89,2,2,1,,22,,44,,64,,88
89,2,3,,16,,36,,56,,79,89
89,3,1,5,,25,,45,,60,,87
89,3,2,9,13,,38,,55,,70,
89,3,3,,17,28,,49,,65,78,
89,4,1,,,20,32,43,,66,,81
89,4,2,3,,26,,,53,,71,85
89,4,3,,11,,35,47,,68,76,
89,5,1,,12,,30,41,54,,73,
89,5,2,2,19,,37,,,62,75,
89,5,3,7,,21,,,57,69,,84
89,6,1,4,,27,,46,,61,,86
89,6,2,,18,,31,,52,67,74,
89,6,3,8,,29,39,,58,,77,
90,1,1,3,,23,,41,55,,75,
90,1,2,,16,28,,44,,64,78,
90,1,3,,18,,35,48,,66,,83
90,2,1,,10,,33,,50,65,,85
90,2,2,,14,,36,,54,,70,87
90,2,3,6,,26,,45,,,71,89
90,3,1,7,,27,,,53,60,,90
90,3,2,,13,,34,,56,61,77,
90,3,3,9,,29,,46,,69,79,
90,4,1,,17,,30,,51,63,,82
90,4,2,1,,21,39,,59,,72,
90,4,3,8,,22,,43,,67,76,
90,5,1,,11,,31,,52,,73,84
90,5,2,2,,20,,42,,68,,86
90,5,3,4,,24,38,,58,,,88
90,6,1,,12,,32,40,,62,,80
90,6,2,,15,,37,47,57,,,81
90,6,3,5,19,25,,49,,,74,
91,1,1,,10,24,,45,,62,77,
91,1,2,,12,,33,47,,66,,85
91,1,3,4,19,,36,,50,,79,
91,2,1,,14,,32,,52,61,,80
91,2,2,2,,25,,40,,,74,82
91,2,3,8,,29,,42,,68,,90
91,3,1,6,,22,,41,,60,,81
91,3,2,,16,28,,49,55,,73,
91,3,3,,17,,35,,59,69,,87
91,4,1,,11,,34,,54,,70,84
91,4,2,,13,,38,,56,63,78,
91,4,3,3,,23,,46,57,67,,
91,5,1,,18,,31,,53,,71,83
91,5,2,1,,20,37,,58,,76,
91,5,3,7,,27,,44,,64,,88
91,6,1,5,,21,,43,,,72,86
91,6,2,,15,,30,48,,65,,89
91,6,3,9,,26,39,,51,,75,
92,1,1,3,,20,31,,50,66,,
92,1,2,8,,24,38,,51,,75,
92,1,3,,16,29,,45,,69,,81
92,2,1,4,,23,,41,,61,74,
92,2,2,,11,28,,46,,62,,85
92,2,3,,12,,32,,58,68,,89
92,3,1,,10,,33,,54,,72,87
92,3,2,6,,27,,47,,65,,88
92,3,3,9,18,,,49,57,,79,
92,4,1,,13,,34,40,52,,,86
92,4,2,5,,21,37,44,,,73,
92,4,3,7,,25,,48,,60,76,
92,5,1,,14,,30,,53,,70,83
92,5,2,,15,,35,,56,,71,90
92,5,3,2,,22,,43,,63,77,
92,6,1,,17,,36,,55,,78,80
92,6,2,,19,,39,,59,64,,82
92,6,3,1,,26,,42,,67,,84
93,1,1,1,,20,,43,,63,,81
93,1,2,,12,,32,49,,67,,89
93,1,3,7,,22,38,,53,,74,
93,2,1,,14,,33,44,,64,,80
93,2,2,,17,,35,,50,,72,88
93,2,3,3,,24,,48,58,,79,
93,3,1,,18,,37,,55,60,,85
93,3,2,5,,26,,45,,61,73,
93,3,3,9,,28,,,57,68,,90
93,4,1,2,,21,,41,,65,,82
93,4,2,,13,,31,42,,66,75,
93,4,3,8,,23,36,,54,,78,
93,5,1,,11,25,,40,,62,,83
93,5,2,,15,,30,,51,,70,86
93,5,3,4,19,,,47,59,,76,
93,6,1,,10,,34,,52,,71,84
93,6,2,6,,27,39,,56,,77,
93,6,3,,16,29,,46,,69,,87
94,1,1,7,,24,33,,,60,,83
94,1,2,,10,28,,46,,61,72,
94,1,3,8,14,29,,,51,,78,
94,2,1,3,,23,34,,53,,70,
94,2,2,9,,26,,43,,66,,81
94,2,3,,16,,37,47,58,,,90
94,3,1,,13,22,,41,,64,,86
94,3,2,,17,,30,,55,65,74,
94,3,3,6,,,36,48,59,,79,
94,4,1,,15,,32,,50,,71,84
94,4,2,1,,25,,44,,62,,88
94,4,3,,18,,38,,56,63,76,
94,5,1,,11,,31,,52,,73,80
94,5,2,2,,20,,42,,,77,85
94,5,3,5,,27,,49,,67,,89
94,6,1,,12,,35,,54,68,,82
94,6,2,,19,,39,40,,69,,87
94,6,3,4,,21,,45,57,,75,
95,1,1,,16,,32,,53,,71,82
95,1,2,4,,23,,40,,64,,86
95,1,3,5,,29,37,,57,,76,
95,2,1,7,,22,,41,,62,74,
95,2,2,8,,27,,45,,68,,80
95,2,3,,12,,30,,54,,79,89
95,3,1,,14,,35,,50,,73,84
95,3,2,2,,26,,44,,61,,88
95,3,3,,17,,38,,59,66,77,
95,4,1,3,,20,36,,52,,75,
95,4,2,,11,24,,46,55,63,,
95,4,3,,15,28,,47,56,,,81
95,5,1,,13,,31,42,,65,,83
95,5,2,6,18,,34,,58,,70,
95,5,3,9,,21,,49,,67,,90
95,6,1,,10,,33,43,,60,,85
95,6,2,1,,25,,48,,69,72,
95,6,3,,19,,39,,51,,78,87
96,1,1,1,,21,,,57,60,70,
96,1,2,4,,25,,43,,64,72,
96,1,3,,12,,37,,,68,76,81
96,2,1,3,11,,30,41,,,74,
96,2,2,,15,29,,,59,65,,84
96,2,3,5,,,35,45,,67,,89
96,3,1,,14,24,,42,51,,,86
96,3,2,9,16,,32,48,,62,,
96,3,3,,19,27,34,,56,,73,
96,4,1,2,,,31,,,66,71,82
96,4,2,8,,23,,46,50,,,85
96,4,3,,10,,39,,58,,79,88
96,5,1,7,,22,,40,54,,,83
96,5,2,,,28,33,47,,63,,90
96,5,3,,17,,38,49,55,,75,
96,6,1,,13,20,,,52,,77,80
96,6,2,,18,,36,,53,61,,87
96,6,3,6,,26,,44,,69,78,
97,1,1,,13,,32,,51,,71,80
97,1,2,5,,22,,43,58,,75,
97,1,3,,17,,38,48,,62,,90
97,2,1,6,,23,,40,52,,72,
97,2,2,,18,27,,44,,63,,81
97,2,3,8,19,,34,47,,,79,
97,3,1,,10,,35,,55,,77,82
97,3,2,,16,,37,,59,60,,86
97,3,3,3,,26,,46,,69,,89
97,4,1,4,,21,,42,,61,76,
97,4,2,7,,28,31,,,65,,83
97,4,3,,12,,36,,50,66,,88
97,5,1,1,,20,33,,53,,73,
97,5,2,9,,25,,41,57,,74,
97,5,3,,14,29,,49,,67,,84
97,6,1,,11,,30,,54,,70,85
97,6,2,2,,24,,45,,64,78,
97,6,3,,15,,39,,56,68,,87
98,1,1,6,,21,33,,54,,73,
98,1,2,,14,23,,40,56,,79,
98,1,3,7,,27,,43,,60,,83
98,2,1,,11,24,,44,,61,74,
98,2,2,,15,,30,,55,62,,81
98,2,3,5,,29,,47,,69,,87
98,3,1,,17,,34,,50,,70,85
98,3,2,4,,28,,48,,65,,89
98,3,3,,19,,39,,52,,78,90
98,4,1,,13,,32,,57,,72,80
98,4,2,,16,20,,41,,63,77,
98,4,3,2,,25,36,,59,68,,
98,5,1,1,,26,,42,51,,76,
98,5,2,9,,,35,45,,64,,82
98,5,3,,12,,38,49,,67,,86
98,6,1,,10,,31,,53,,71,84
98,6,2,3,18,,37,,58,,75,
98,6,3,8,,22,,46,,66,,88
99,1,1,,10,,32,,50,,75,86
99,1,2,3,,24,,44,,61,79,
99,1,3,,19,,34,,58,67,,89
99,2,1,,15,,30,,53,,73,87
99,2,2,7,,23,,42,,60,,88
99,2,3,,18,,38,49,,68,,90
99,3,1,,14,,35,,55,,71,80
99,3,2,5,,22,,40,57,,78,
99,3,3,,17,28,,46,,65,,83
99,4,1,,11,,31,43,,62,,81
99,4,2,2,,25,33,,,69,70,
99,4,3,8,,,39,,51,,77,84
99,5,1,1,,20,36,,52,,72,
99,5,2,6,,26,,41,59,,76,
99,5,3,,12,29,,48,,63,,82
99,6,1,,13,,37,,54,64,,85
99,6,2,4,,21,,45,56,,74,
99,6,3,9,16,27,,47,,66,,
100,1,1,,15,,31,,50,63,72,
100,1,2,5,,20,35,,57,,79,
100,1,3,9,,28,,43,,68,,81
100,2,1,3,,23,,46,56,,76,
100,2,2,,14,,30,47,,64,,84
100,2,3,,17,,36,49,,66,,89
100,3,1,,12,,37,,54,,70,85
100,3,2,7,,24,,45,,60,77,
100,3,3,,19,,39,,55,69,,87
100,4,1,,10,,34,,51,,71,82
100,4,2,2,,21,,42,,,74,83
100,4,3,,16,,38,48,,65,,90
100,5,1,1,,22,,41,,62,,80
100,5,2,4,13,27,,,52,,73,
100,5,3,8,,29,32,,59,,75,
100,6,1,,11,,33,,53,61,,86
100,6,2,6,,25,,40,58,,78,
100,6,3,,18,26,,44,,67,,88
101,1,1,,10,21,,,54,62,71,
101,1,2,,12,28,,41,,66,,82
101,1,3,5,18,,34,,59,,77,
101,2,1,2,,20,35,,,60,,84
101,2,2,8,,24,37,,56,,73,
101,2,3,,11,,39,42,,67,79,
101,3,1,,16,,31,44,,68,,80
101,3,2,,19,,38,,51,69,,86
101,3,3,4,,29,,49,,,75,89
101,4,1,,13,,33,,52,,70,83
101,4,2,1,,22,,40,58,,72,
101,4,3,9,,26,,46,,65,,85
101,5,1,3,,23,,43,50,,74,
101,5,2,7,,25,,47,,61,,87
101,5,3,,14,,32,48,55,64,,
101,6,1,,15,,30,,53,,76,81
101,6,2,,17,,36,,57,,78,88
101,6,3,6,,27,,45,,63,,90
102,1,1,,10,,31,40,,66,,82
102,1,2,7,,,37,42,55,,,88
102,1,3,,14,29,,49,,,77,90
102,2,1,,12,20,,41,,65,,87
102,2,2,,16,,32,43,51,,70,
102,2,3,5,,23,,48,,69,74,
102,3,1,4,,24,,47,,60,,81
102,3,2,,18,28,,,50,64,,85
102,3,3,,19,,33,,57,,79,86
102,4,1,,11,,30,44,,61,,83
102,4,2,,15,,34,,52,68,,89
102,4,3,6,,21,39,,56,,73,
102,5,1,1,,22,,45,,62,,80
102,5,2,2,13,,36,,53,,72,
102,5,3,9,,26,,,59,67,78,
102,6,1,,17,,35,,54,,71,84
102,6,2,3,,25,38,,58,,75,
102,6,3,8,,27,,46,,63,76,
103,1,1,4,,22,,43,,60,73,
103,1,2,,10,29,,48,,65,,83
103,1,3,,18,,39,,57,,78,84
103,2,1,3,,23,,40,,64,,87
103,2,2,7,,26,,47,,67,76,
103,2,3,9,11,,32,,51,,77,
103,3,1,,15,,30,,52,,70,88
103,3,2,6,,25,,42,,63,,90
103,3,3,,19,,34,46,,68,75,
103,4,1,,12,,33,44,,61,,80
103,4,2,1,,21,35,,55,,72,
103,4,3,,14,,37,,58,66,,85
103,5,1,2,,20,,41,53,,,81
103,5,2,,13,28,,49,56,,,86
103,5,3,,16,,38,,59,62,79,
103,6,1,,17,,31,,50,,71,82
103,6,2,5,,24,36,,54,,,89
103,6,3,8,,27,,45,,69,74,
104,1,1,1,,22,35,,,60,77,
104,1,2,7,,28,,44,,68,,83
104,1,3,,14,,39,,58,,79,89
104,2,1,,10,,30,,51,62,,82
104,2,2,2,18,,,41,55,,73,
104,2,3,6,,21,,47,,67,,88
104,3,1,,13,24,,42,,65,,80
104,3,2,,19,,31,,50,,74,87
104,3,3,5,,29,34,,52,,78,
104,4,1,3,,23,,43,54,,,84
104,4,2,9,,26,,48,,61,,85
104,4,3,,15,,37,,59,,72,90
104,5,1,,11,20,,45,,63,,86
104,5,2,,16,,33,49,53,,71,
104,5,3,4,,27,36,,57,,76,
104,6,1,8,,25,,40,,64,70,
104,6,2,,12,,32,46,,66,75,
104,6,3,,17,,38,,56,69,,81
105,1,1,1,,24,,42,,60,,81
105,1,2,6,,26,35,,,63,76,
105,1,3,,10,,38,48,56,,79,
105,2,1,3,,20,,44,,62,,84
105,2,2,7,,29,34,,53,,,86
105,2,3,,11,,37,,58,,70,90
105,3,1,,12,,32,,50,64,,87
105,3,2,2,,23,,47,,66,71,
105,3,3,,16,,33,,54,68,77,
105,4,1,4,,25,36,,51,,72,
105,4,2,9,14,,,43,55,,75,
105,4,3,,18,,39,49,,69,,82
105,5,1,,13,21,,41,,61,,80
105,5,2,,15,,30,,52,,73,83
105,5,3,5,,27,,45,57,,,85
105,6,1,8,,22,,40,,65,,88
105,6,2,,17,,31,,59,,74,89
105,6,3,,19,28,,46,,67,78,
106,1,1,1,,24,,41,,60,,83
106,1,2,6,,29,30,,51,,72,
106,1,3,,19,,37,,56,66,,87
106,2,1,,10,,31,42,,64,,84
106,2,2,,16,,36,,52,,70,88
106,2,3,3,,28,,49,59,,76,
106,3,1,,11,21,,45,,63,,85
106,3,2,,15,,34,,53,,75,89
106,3,3,8,,27,,48,,69,,90
106,4,1,4,,23,,43,,65,,82
106,4,2,,12,,33,,50,,71,86
106,4,3,,18,26,,47,58,,77,
106,5,1,2,,22,,40,,61,,81
106,5,2,7,13,,32,,55,,73,
106,5,3,9,,25,38,,,68,78,
106,6,1,,14,,35,,54,,74,80
106,6,2,5,,20,,44,,62,79,
106,6,3,,17,,39,46,57,67,,
107,1,1,,10,,35,,54,,71,82
107,1,2,1,,23,39,,,60,,89
107,1,3,,16,27,,44,,61,77,
107,2,1,,17,,32,,53,,70,83
107,2,2,4,,21,,46,,64,76,
107,2,3,9,19,,36,,59,68,,
107,3,1,,14,,31,,52,,75,86
107,3,2,,18,20,,47,,63,,88
107,3,3,8,,,37,,58,,79,90
107,4,1,2,,22,30,,50,,72,
107,4,2,,11,29,,45,55,,,81
107,4,3,,15,,38,49,,69,,84
107,5,1,3,,24,,41,,65,,80
107,5,2,7,,26,,42,56,,73,
107,5,3,,12,,33,43,,66,,85
107,6,1,5,,25,,40,,62,74,
107,6,2,,13,,34,,51,67,,87
107,6,3,6,,28,,48,57,,78,
108,1,1,,19,,30,,52,62,,81
108,1,2,,,22,35,,54,63,,89
108,1,3,1,,27,,43,,68,72,
108,2,1,,10,23,,40,55,,,90
108,2,2,2,11,,31,48,,,71,
108,2,3,6,18,,33,49,,64,,
108,3,1,7,,24,,41,56,,70,
108,3,2,9,,,34,42,,65,,85
108,3,3,,14,,37,,58,,79,88
108,4,1,3,,26,,44,,60,73,
108,4,2,,15,29,,47,,67,78,
108,4,3,,17,,36,,59,69,,82
108,5,1,4,,21,,45,,66,,80
108,5,2,,13,,32,,51,,74,83
108,5,3,8,,28,39,,57,,76,
108,6,1,,12,,38,,50,61,,84
108,6,2,5,,20,,,53,,75,86
108,6,3,,16,25,,46,,,77,87
109,1,1,,13,,32,,51,62,,81
109,1,2,1,,20,35,,55,,76,
109,1,3,,17,24,,44,,69,,90
109,2,1,2,,23,,41,,64,,83
109,2,2,,11,28,,48,,66,75,
109,2,3,,19,,34,,59,,79,88
109,3,1,,14,,30,,54,65,,85
109,3,2,5,,27,38,,57,,70,
109,3,3,7,,29,,47,58,,74,
109,4,1,3,,21,,40,,61,,82
109,4,2,9,,25,,43,,63,71,
109,4,3,,10,,31,,52,68,,89
109,5,1,,12,,33,42,50,,72,
109,5,2,4,,22,,45,,67,,84
109,5,3,,16,,37,49,,,78,86
109,6,1,,15,,36,,53,60,73,
109,6,2,6,18,,39,,,,77,80
109,6,3,8,,26,,46,56,,,87
110,1,1,,10,23,,40,,61,,83
110,1,2,2,14,,34,,53,,73,
110,1,3,8,,28,,46,,68,75,
110,2,1,1,,26,30,,51,63,,
110,2,2,7,,29,,41,54,,74,
110,2,3,,19,,33,,58,,77,80
110,3,1,6,,25,,45,,69,,81
110,3,2,,11,,32,,50,,70,82
110,3,3,,15,,36,49,57,,,90
110,4,1,3,,20,35,,52,,72,
110,4,2,9,,24,,42,,60,,84
110,4,3,,13,,37,,59,62,76,
110,5,1,,12,,39,,55,64,,85
110,5,2,4,,21,,43,,65,,87
110,5,3,,17,,,47,,67,78,89
110,6,1,,16,22,31,,56,,71,
110,6,2,,18,,38,44,,66,,86
110,6,3,5,,27,,48,,,79,88
111,1,1,3,,20,,41,,62,,83
111,1,2,,14,,32,,54,67,75,
111,1,3,7,,28,,48,57,,77,
111,2,1,4,,22,30,,55,,72,
111,2,2,8,,29,,42,56,,76,
111,2,3,,18,,39,47,,63,,84
111,3,1,,10,,31,,50,64,,85
111,3,2,6,,23,,43,,66,71,
111,3,3,,17,,38,,59,,78,89
111,4,1,,12,,33,40,,61,,80
111,4,2,,19,21,36,,53,,74,
111,4,3,2,,27,,49,,68,,86
111,5,1,,13,,34,,52,60,,81
111,5,2,,15,,37,,58,,73,87
111,5,3,1,,25,,45,,69,,90
111,6,1,,11,24,,44,,65,,82
111,6,2,5,16,,35,,51,,70,
111,6,3,9,,26,,46,,,79,88
112,1,1,,12,,32,,51,,72,82
112,1,2,1,,22,,40,,62,74,
112,1,3,7,,29,,45,58,,75,
112,2,1,,13,,33,,50,,71,84
112,2,2,2,,21,,41,,60,,86
112,2,3,8,17,27,,,57,,,90
112,3,1,,16,,34,,54,61,,80
112,3,2,3,,20,,44,,66,76,
112,3,3,,19,,35,49,,69,,88
112,4,1,4,,23,,42,,63,73,
112,4,2,,11,,30,46,,67,,81
112,4,3,,14,26,37,,52,,79,
112,5,1,5,,24,36,,53,,,83
112,5,2,9,,28,,47,,64,,87
112,5,3,,15,,39,,56,,78,89
112,6,1,6,,25,,43,55,,70,
112,6,2,,10,,31,48,,65,77,
112,6,3,,18,,38,,59,68,,85
113,1,1,,10,20,,43,,61,,83
113,1,2,4,16,,34,,52,,74,
113,1,3,9,19,,,49,54,,78,
113,2,1,,,22,30,44,,60,,84
113,2,2,1,,27,,48,,65,,86
113,2,3,,15,,35,,57,,79,90
113,3,1,5,,21,,45,,66,,80
113,3,2,,,26,33,,53,,70,85
113,3,3,,14,,37,,56,,75,87
113,4,1,,11,23,,40,50,,73,
113,4,2,2,17,,31,47,,62,,
113,4,3,8,,29,36,,55,,,81
113,5,1,3,,24,,41,,63,72,
113,5,2,7,,28,,46,,64,76,
113,5,3,,12,,39,,59,69,,89
113,6,1,,13,,32,,51,67,,82
113,6,2,6,,25,,42,,,71,88
113,6,3,,18,,38,,58,68,77,
114,1,1,,10,,30,,51,,73,81
114,1,2,2,,21,35,,58,,76,
114,1,3,9,,28,,44,,62,,89
114,2,1,1,13,,36,,52,,75,
114,2,2,7,,22,,40,,61,,82
114,2,3,,16,29,,45,,65,,90
114,3,1,,14,,34,,54,60,,83
114,3,2,6,,24,,47,,64,,84
114,3,3,,18,,39,,57,,79,88
114,4,1,3,,20,,41,,63,,85
114,4,2,8,,27,,42,55,,72,
114,4,3,,11,,31,49,,67,77,
114,5,1,,12,,32,,50,,71,80
114,5,2,4,,23,,43,,69,,86
114,5,3,,19,26,37,48,,,74,
114,6,1,,15,,33,,53,,70,87
114,6,2,5,,25,,46,56,66,,
114,6,3,,17,,38,,59,68,78,
115,1,1,,10,,31,44,,63,,81
115,1,2,2,,23,36,,54,,72,
115,1,3,,15,27,,47,,66,,84
115,2,1,1,,20,33,,50,,74,
115,2,2,9,,26,,46,59,,77,
115,2,3,,17,28,,49,,65,,82
115,3,1,,13,,35,,53,67,,86
115,3,2,6,,25,,40,,,79,88
115,3,3,,18,,38,,57,69,,90
115,4,1,,11,22,,43,,61,,80
115,4,2,3,16,,30,,55,,71,
115,4,3,8,,29,37,,58,,75,
115,5,1,,12,,32,,51,,70,83
115,5,2,4,,21,,42,,62,76,
115,5,3,5,,,39,45,,68,,85
115,6,1,,14,,34,,52,60,,87
115,6,2,,19,,,41,56,,73,89
115,6,3,7,,24,,48,,64,78,
116,1,1,,12,,34,40,,65,,83
116,1,2,1,,23,39,,51,,72,
116,1,3,,16,28,,47,,67,78,
116,2,1,,10,,35,,50,61,,86
116,2,2,3,,24,,41,58,,73,
116,2,3,,14,,38,45,,64,,89
116,3,1,,17,,30,,54,63,,85
116,3,2,5,,26,,44,59,,76,
116,3,3,7,,29,,48,,68,,88
116,4,1,6,,22,,42,,62,,82
116,4,2,,11,,33,,52,,70,87
116,4,3,,15,,36,,56,,77,90
116,5,1,2,,21,,43,,60,74,
116,5,2,9,,25,,49,,66,,81
116,5,3,,18,,32,,53,,79,84
116,6,1,4,13,,31,,55,,71,
116,6,2,8,,20,37,,57,,75,
116,6,3,,19,27,,46,,69,,80
117,1,1,,13,,31,,51,,73,80
117,1,2,6,,20,,43,58,,76,
117,1,3,7,,,33,47,,62,,85
117,2,1,2,,23,,41,,65,,83
117,2,2,,14,,30,,53,,74,89
117,2,3,,17,,39,,55,67,,90
117,3,1,,15,,34,,54,66,,88
117,3,2,5,,24,36,,57,,70,
117,3,3,8,,28,,44,,69,77,
117,4,1,,10,21,,42,,61,,84
117,4,2,4,16,,32,48,,,72,
117,4,3,9,,29,37,,52,,,87
117,5,1,1,,22,,40,,63,75,
117,5,2,,11,26,,46,,68,,81
117,5,3,,18,,38,,59,,78,86
117,6,1,3,,25,,45,,60,71,
117,6,2,,12,,35,,50,64,,82
117,6,3,,19,27,,49,56,,79,
118,1,1,,10,,30,,52,,74,83
118,1,2,6,,24,,43,,63,,86
118,1,3,,14,,33,,58,69,,89
118,2,1,2,,28,,42,,60,72,
118,2,2,9,,29,,,51,67,76,
118,2,3,,17,,38,,57,,77,84
118,3,1,,16,20,,45,,66,,88
118,3,2,5,19,,37,,50,,73,
118,3,3,7,,27,,49,56,,79,
118,4,1,,12,,31,,53,62,,81
118,4,2,1,,23,,44,,,70,82
118,4,3,,18,,34,48,,64,,90
118,5,1,3,,22,35,,54,,71,
118,5,2,8,,25,,41,59,,75,
118,5,3,,11,,39,47,,68,,85
118,6,1,,13,,32,40,,61,,80
118,6,2,4,,21,36,,55,,78,
118,6,3,,15,26,,46,,65,,87
119,1,1,7,,20,,43,,61,70,
119,1,2,,12,,31,,52,69,,83
119,1,3,,17,26,,,58,,77,86
119,2,1,3,,25,,40,,62,,84
119,2,2,,14,,34,,51,66,75,
119,2,3,,19,,37,47,56,,78,
119,3,1,,16,,33,45,,65,,87
119,3,2,8,,24,36,,53,,71,
119,3,3,,18,,38,,57,,79,90
119,4,1,5,,21,,42,54,,74,
119,4,2,6,,27,,48,,60,,85
119,4,3,,13,,39,,59,,76,89
119,5,1,,11,,30,41,,63,,80
119,5,2,2,,22,35,,55,,73,
119,5,3,,15,29,,44,,68,,82
119,6,1,1,,23,,46,,64,,81
119,6,2,4,10,,32,,50,,72,
119,6,3,9,,28,,49,,67,,88
120,1,1,1,14,,33,,56,,,80
120,1,2,7,,29,,43,,62,,85
120,1,3,,18,,37,,58,,79,88
120,2,1,,12,,32,,52,,73,81
120,2,2,4,,20,36,,57,,78,
120,2,3,,15,26,,46,,63,,90
120,3,1,,11,22,,45,,64,72,
120,3,2,,17,,31,48,,65,76,
120,3,3,6,,27,39,,53,69,,
120,4,1,2,,23,,40,,61,,84
120,4,2,8,,25,,47,,66,70,
120,4,3,,13,,34,,59,,75,87
120,5,1,,10,,35,,50,,71,82
120,5,2,3,,24,,41,55,,77,
120,5,3,9,,,38,49,,67,,89
120,6,1,,16,21,,42,,60,,83
120,6,2,,19,,30,,51,68,,86
120,6,3,5,,28,,44,54,,74,
121,1,1,,11,,32,41,53,,73,
121,1,2,2,,20,,43,,62,,82
121,1,3,,19,,37,47,,66,77,
121,2,1,,14,,30,,54,64,,81
121,2,2,6,,22,,,58,,74,87
121,2,3,,17,,36,48,,67,,89
121,3,1,5,,26,,44,,61,,80
121,3,2,,16,,35,,52,69,,86
121,3,3,9,,29,,49,,,75,90
121,4,1,,12,25,,42,,60,,83
121,4,2,1,18,,31,,50,,72,
121,4,3,8,,27,39,,57,,76,
121,5,1,3,,21,,40,56,,71,
121,5,2,7,,24,,46,,63,79,
121,5,3,,13,,33,,59,65,,84
121,6,1,,10,,34,,51,,70,85
121,6,2,4,,23,38,,55,,78,
121,6,3,,15,28,,45,,68,,88
122,1,1,,14,,30,43,,63,,82
122,1,2,1,,22,39,,51,,78,
122,1,3,,15,27,,48,56,,79,
122,2,1,,10,21,,44,,61,,83
122,2,2,2,16,,32,,52,,73,
122,2,3,9,,28,,46,,68,,90
122,3,1,,11,,31,,53,,70,84
122,3,2,4,,20,,45,,64,,86
122,3,3,,19,,38,,59,69,,88
122,4,1,5,,23,,42,,62,71,
122,4,2,8,,26,,47,50,67,,
122,4,3,,17,,35,,57,,77,85
122,5,1,,13,,34,41,,60,,81
122,5,2,3,,24,36,,55,,72,
122,5,3,7,,29,,49,,66,74,
122,6,1,,12,,33,,54,,75,80
122,6,2,6,,25,,40,,65,,87
122,6,3,,18,,37,,58,,76,89
123,1,1,5,12,,30,,52,,71,
123,1,2,9,,23,,42,,65,,82
123,1,3,,16,26,,49,,68,76,
123,2,1,3,,21,,40,53,,,80
123,2,2,,10,28,,45,,62,,84
123,2,3,,17,,32,,58,,79,90
123,3,1,,14,,34,46,,61,70,
123,3,2,7,,25,37,,,67,,85
123,3,3,,19,,39,,50,69,75,
123,4,1,,11,,33,,54,,72,83
123,4,2,1,,22,,43,,60,73,
123,4,3,6,,,35,48,56,,77,
123,5,1,,13,,31,44,,63,,87
123,5,2,2,,20,38,,51,,74,
123,5,3,8,,27,,47,57,,,89
123,6,1,4,,24,,41,,64,,81
123,6,2,,15,29,,,55,66,,86
123,6,3,,18,,36,,59,,78,88
124,1,1,,12,,34,,51,62,70,
124,1,2,8,,25,,40,,66,,83
124,1,3,,18,,37,,59,69,,88
124,2,1,,11,,32,,52,,71,86
124,2,2,6,,23,,43,56,,76,
124,2,3,7,,28,,47,,63,,89
124,3,1,,15,,30,,55,,72,80
124,3,2,5,,22,39,,,64,,87
124,3,3,,19,29,,46,,68,79,
124,4,1,,10,,33,,50,61,,82
124,4,2,3,,24,,41,57,,75,
124,4,3,9,,,35,48,,65,,90
124,5,1,1,,20,,42,,,74,81
124,5,2,,14,26,,44,53,,78,
124,5,3,,17,,36,49,,67,,84
124,6,1,2,13,,31,,54,,73,
124,6,2,4,,21,38,,58,,77,
124,6,3,,16,27,,45,,60,,85
125,1,1,,12,,31,,52,63,,83
125,1,2,1,,20,,42,,68,70,
125,1,3,,,29,35,,55,,77,89
125,2,1,,13,22,,41,,64,,82
125,2,2,2,19,,30,,51,,73,
125,2,3,8,,27,,46,54,,,87
125,3,1,3,,25,,45,,65,,81
125,3,2,,14,,34,49,56,,76,
125,3,3,4,18,,37,,57,,,86
125,4,1,,10,,32,,50,62,71,
125,4,2,5,,21,38,,53,,72,
125,4,3,,15,26,,43,,69,,80
125,5,1,6,,23,,40,,61,75,
125,5,2,9,,28,,47,,66,,84
125,5,3,,16,,39,,58,,78,90
125,6,1,7,,24,,44,,60,,85
125,6,2,,11,,33,48,,67,74,
125,6,3,,17,,36,,59,,79,88
126,1,1,,16,,34,,50,63,,84
126,1,2,1,,20,,43,,65,,85
126,1,3,8,,26,39,,57,,75,
126,2,1,5,,22,,42,,60,,87
126,2,2,,13,,32,,52,,74,89
126,2,3,,19,28,,48,56,,78,
126,3,1,6,,27,,45,55,,76,
126,3,2,,12,,31,49,,61,,80
126,3,3,,18,,36,,59,67,,88
126,4,1,,10,21,,40,,64,,83
126,4,2,,14,,33,,51,66,72,
126,4,3,2,,25,38,,58,,79,
126,5,1,3,,24,,41,,62,,82
126,5,2,7,15,,35,,53,,71,
126,5,3,9,,,37,47,,69,77,
126,6,1,4,,23,,44,,68,,81
126,6,2,,11,,30,,54,,70,86
126,6,3,,17,29,,46,,,73,90
127,1,1,,13,,30,41,,64,,81
127,1,2,4,,20,39,,52,,72,
127,1,3,,18,27,,45,57,,79,
127,2,1,,12,,32,,50,65,,83
127,2,2,3,,21,,40,,,71,86
127,2,3,,15,,35,48,,68,,89
127,3,1,7,,22,,42,,66,,80
127,3,2,,19,,36,,51,,70,88
127,3,3,8,,26,,47,,69,77,
127,4,1,,14,23,31,,53,,73,
127,4,2,1,,29,,43,,62,,84
127,4,3,5,17,,37,,59,,76,
127,5,1,2,,24,,44,,61,74,
127,5,2,,10,,33,,54,67,,82
127,5,3,9,,28,,46,56,,78,
127,6,1,,11,,34,,55,60,,85
127,6,2,,16,,38,,58,,75,87
127,6,3,6,,25,,49,,63,,90
128,1,1,,13,,31,,52,,70,81
128,1,2,1,,23,,40,,62,76,
128,1,3,,19,,36,46,,69,,83
128,2,1,5,,20,,41,54,,72,
128,2,2,,11,,32,47,,63,,85
128,2,3,7,,27,37,,56,,77,
128,3,1,,14,,33,,50,,73,87
128,3,2,6,,21,,42,,64,78,
128,3,3,,17,26,,48,,67,,89
128,4,1,,12,,30,,53,,71,80
128,4,2,2,,24,,45,,60,,82
128,4,3,8,,29,35,,58,,75,
128,5,1,,10,,34,,51,66,,84
128,5,2,3,,25,,44,55,,74,
128,5,3,,15,,38,49,,68,,86
128,6,1,4,,22,,43,,61,,88
128,6,2,9,16,28,,,57,65,,
128,6,3,,18,,39,,59,,79,90
129,1,1,,10,,33,,52,,72,82
129,1,2,9,,23,,40,,61,79,
129,1,3,,19,,34,,55,66,,87
129,2,1,,14,,31,,56,,70,83
129,2,2,3,,20,,43,,63,,86
129,2,3,,17,,35,47,,,74,90
129,3,1,,13,,32,46,,65,,85
129,3,2,6,,25,37,,58,,76,
129,3,3,8,,27,,49,,69,,89
129,4,1,,11,22,36,,54,,73,
129,4,2,2,,24,,41,,60,78,
129,4,3,,15,,39,,59,67,,81
129,5,1,,12,21,,42,,62,,80
129,5,2,1,16,,30,,51,,75,
129,5,3,4,,28,,45,57,,77,
129,6,1,5,,26,,44,,64,,84
129,6,2,7,,29,,48,50,,71,
129,6,3,,18,,38,,53,68,,88
130,1,1,,18,,30,,54,,74,81
130,1,2,7,,23,,43,59,,77,
130,1,3,,19,,34,45,,67,,86
130,2,1,,12,,32,40,,61,,80
130,2,2,6,,27,37,,51,65,,
130,2,3,,16,29,,44,58,,79,
130,3,1,1,15,,38,,50,,73,
130,3,2,5,,28,,,56,62,,82
130,3,3,,17,,39,49,,66,,87
130,4,1,,14,,33,,52,,70,83
130,4,2,2,,20,,42,,68,78,
130,4,3,8,,24,,46,,69,,88
130,5,1,,10,,31,41,,60,,84
130,5,2,3,,21,36,,53,,71,
130,5,3,9,,26,,47,,63,76,
130,6,1,,11,22,,48,,64,,85
130,6,2,,13,,35,,55,,72,89
130,6,3,4,,25,,,57,,75,90
131,1,1,,14,,31,,50,,72,81
131,1,2,1,,22,,41,,62,76,
131,1,3,,17,28,38,,55,69,,
131,2,1,3,,21,,43,,61,70,
131,2,2,,10,29,,,53,68,,86
131,2,3,,16,,30,47,58,,77,
131,3,1,,15,,34,,57,,71,83
131,3,2,6,,24,,44,,64,,88
131,3,3,,19,,36,,59,,79,90
131,4,1,,11,,32,40,,63,,82
131,4,2,2,,23,37,,52,,73,
131,4,3,9,,27,,49,,65,,87
131,5,1,4,,20,,42,,60,,85
131,5,2,7,,26,35,,51,,74,
131,5,3,,12,,39,46,,67,,89
131,6,1,,13,,33,,54,,75,80
131,6,2,5,18,,,45,56,,,84
131,6,3,8,,25,,48,,66,78,
132,1,1,,11,20,,44,,64,,81
132,1,2,5,15,,33,,51,,72,
132,1,3,8,,25,,48,,67,,86
132,2,1,2,,23,,45,,65,,82
132,2,2,9,,,30,49,50,,73,
132,2,3,,14,,34,,56,,78,88
132,3,1,4,,26,,46,,60,,83
132,3,2,,10,29,,,55,,74,87
132,3,3,,18,,39,,57,69,,90
132,4,1,,12,,32,,52,63,,84
132,4,2,1,,21,37,,59,,70,
132,4,3,7,,24,,43,,66,76,
132,5,1,3,,22,31,,53,,71,
132,5,2,,13,28,,41,58,,75,
132,5,3,,16,,35,47,,62,,85
132,6,1,6,,27,,40,,61,77,
132,6,2,,17,,36,42,,68,,80
132,6,3,,19,,38,,54,,79,89
133,1,1,2,,23,36,,53,,71,
133,1,2,9,,27,,40,58,,77,
133,1,3,,10,,39,47,,63,,80
133,2,1,,12,,33,,50,62,,82
133,2,2,4,,24,,,52,,73,88
133,2,3,,16,28,,46,,69,76,
133,3,1,,15,,34,45,,60,,84
133,3,2,8,,20,37,,56,,74,
133,3,3,,19,29,,49,,61,,87
133,4,1,,14,,32,41,,64,,81
133,4,2,1,18,,35,,54,,,86
133,4,3,6,,21,,43,,,70,90
133,5,1,,11,,31,,51,65,75,
133,5,2,3,,22,,42,,67,,83
133,5,3,,17,25,,48,57,,79,
133,6,1,5,,26,,44,,66,72,
133,6,2,7,,,30,,55,,78,85
133,6,3,,13,,38,,59,68,,89
134,1,1,,10,,31,,53,,72,81
134,1,2,3,,22,,42,58,,76,
134,1,3,,14,25,,46,,63,,86
134,2,1,,15,,32,,50,64,,82
134,2,2,5,,24,,41,56,,71,
134,2,3,,17,,38,45,,68,77,
134,3,1,,16,,34,,52,,70,83
134,3,2,7,,23,,40,,65,78,
134,3,3,,,28,39,47,,69,,89
134,4,1,2,,21,,43,,62,,80
134,4,2,6,11,,30,,54,,73,
134,4,3,9,,26,37,,57,,79,
134,5,1,1,12,,,44,55,,74,
134,5,2,8,,29,,49,,61,,84
134,5,3,,13,,35,,59,66,,88
134,6,1,4,18,,33,,,60,,85
134,6,2,,,20,36,,51,,75,87
134,6,3,,19,27,,48,,67,,90
135,1,1,4,,23,,44,50,,71,
135,1,2,,11,26,,47,,65,,87
135,1,3,,17,,32,49,58,,77,
135,2,1,,14,,31,43,,63,,80
135,2,2,5,,,36,,53,,70,90
135,2,3,7,,24,,46,,64,78,
135,3,1,,18,,30,,56,62,,83
135,3,2,,19,25,,45,,66,74,
135,3,3,8,,29,37,,57,69,,
135,4,1,,13,,33,,51,,72,86
135,4,2,1,,22,,40,,60,,88
135,4,3,3,16,,39,,59,,76,
135,5,1,,10,,34,,52,,73,81
135,5,2,2,,21,,41,,,79,85
135,5,3,,15,27,,48,,68,,89
135,6,1,,12,,35,,54,61,,82
135,6,2,6,,20,38,,55,,75,
135,6,3,9,,28,,42,,67,,84
136,1,1,1,,22,32,,55,,73,
136,1,2,6,,29,,41,,60,77,
136,1,3,,15,,34,49,,67,,82
136,2,1,,11,,35,,50,62,,81
136,2,2,5,,25,,40,59,,74,
136,2,3,7,,,37,47,,66,,86
136,3,1,,12,,,44,51,65,,84
136,3,2,8,,21,,,58,,75,89
136,3,3,,18,27,,48,,,79,90
136,4,1,,10,,31,,56,,70,85
136,4,2,2,,23,,42,,61,78,
136,4,3,,16,,33,46,,68,,88
136,5,1,,13,,30,43,,63,,80
136,5,2,3,,20,39,,53,,71,
136,5,3,9,17,28,,,54,,76,
136,6,1,,14,,36,,52,64,,83
136,6,2,4,,24,,45,,69,,87
136,6,3,,19,26,38,,57,,72,
137,1,1,,13,,31,,51,,70,82
137,1,2,1,,23,,42,56,,75,
137,1,3,2,17,,38,47,,62,,
137,2,1,3,,22,34,,54,,71,
137,2,2,5,,27,,41,,63,76,
137,2,3,,12,,39,,58,67,,84
137,3,1,,16,,35,40,,64,,81
137,3,2,6,,26,,46,,,72,86
137,3,3,,18,,37,,59,,77,89
137,4,1,4,,20,32,,53,,73,
137,4,2,8,,24,,43,,61,,80
137,4,3,,11,28,,49,,66,,87
137,5,1,,10,,33,,50,65,,83
137,5,2,7,,21,,44,55,,74,
137,5,3,,14,29,,48,,69,78,
137,6,1,,15,,30,,52,60,,85
137,6,2,9,,25,,45,,68,,88
137,6,3,,19,,36,,57,,79,90
138,1,1,1,,23,,40,,60,,85
138,1,2,,15,,31,44,,61,73,
138,1,3,,17,,36,,57,,78,87
138,2,1,,10,,35,41,,62,,83
138,2,2,5,,21,,47,55,,74,
138,2,3,,16,24,,,58,65,76,
138,3,1,,11,,30,,52,63,,82
138,3,2,6,,26,34,,56,,75,
138,3,3,,19,29,,42,,69,,89
138,4,1,,12,,32,43,,66,,80
138,4,2,2,18,,38,,50,,72,
138,4,3,8,,22,,49,54,,77,
138,5,1,3,,20,,45,53,,71,
138,5,2,4,,28,,48,,67,,84
138,5,3,,13,,37,,59,,79,90
138,6,1,7,,25,,46,,64,,81
138,6,2,,14,,33,,51,,70,86
138,6,3,9,,27,39,,,68,,88
139,1,1,,10,21,,40,,62,,84
139,1,2,1,13,,34,,52,,71,
139,1,3,6,,26,,47,,66,76,
139,2,1,,11,,33,43,,61,,85
139,2,2,7,,20,,46,53,,72,
139,2,3,9,,27,38,,56,,75,
139,3,1,,14,,32,,55,,70,81
139,3,2,5,,22,,45,,60,,86
139,3,3,,17,28,37,,58,,74,
139,4,1,2,,23,,41,50,,73,
139,4,2,8,,29,,48,,65,77,
139,4,3,,12,,39,,57,67,,80
139,5,1,,16,,30,42,,63,,83
139,5,2,4,,24,,49,,68,,88
139,5,3,,18,,35,,59,,79,90
139,6,1,,15,,31,,51,64,,82
139,6,2,3,,25,,,54,69,,87
139,6,3,,19,,36,44,,,78,89
140,1,1,,12,,30,,53,,71,82
140,1,2,1,,23,,43,,63,,87
140,1,3,7,,29,,45,,65,78,
140,2,1,,10,,31,,54,64,,80
140,2,2,3,,24,,42,56,,72,
140,2,3,9,15,,37,46,,67,,
140,3,1,,11,,32,,55,,73,86
140,3,2,5,,25,,41,,66,,90
140,3,3,,16,,34,47,,68,77,
140,4,1,,13,,33,,51,60,,81
140,4,2,2,,22,38,,59,,76,
140,4,3,8,,28,,44,,,79,84
140,5,1,4,,21,,,50,61,,83
140,5,2,,14,,35,,52,,75,88
140,5,3,,18,27,,49,,69,,89
140,6,1,6,,20,,40,57,,70,
140,6,2,,17,,36,48,,62,,85
140,6,3,,19,26,39,,58,,74,
141,1,1,,10,,32,,52,62,,84
141,1,2,1,,20,,42,57,,71,
141,1,3,9,18,,36,49,,,74,
141,2,1,,11,,30,40,,61,73,
141,2,2,6,,21,37,,51,67,,
141,2,3,,16,26,,41,55,,,82
141,3,1,,15,,31,,50,,77,83
141,3,2,8,,25,,46,,60,,88
141,3,3,,19,,35,,59,66,,89
141,4,1,,12,,33,,53,,75,81
141,4,2,2,,22,,43,,64,78,
141,4,3,7,,28,38,,56,,79,
141,5,1,3,,23,,44,,63,70,
141,5,2,5,,27,,48,,69,,85
141,5,3,,13,,39,,58,,72,87
141,6,1,4,,24,,45,,65,,80
141,6,2,,14,,34,,54,,76,86
141,6,3,,17,29,,47,,68,,90
142,1,1,,14,,33,40,,62,,84
142,1,2,5,,,36,46,,67,,86
142,1,3,,,20,38,,59,,79,87
142,2,1,3,,21,,43,,61,,83
142,2,2,,13,,30,,52,65,,88
142,2,3,,15,27,,45,58,,72,
142,3,1,,12,,31,,54,64,,85
142,3,2,7,,22,,44,57,,71,
142,3,3,,16,28,,47,,66,76,
142,4,1,,17,,32,,50,,73,82
142,4,2,1,,24,39,,55,,77,
142,4,3,6,,29,,49,,68,,90
142,5,1,,10,23,,42,,60,,80
142,5,2,2,19,,34,,51,,74,
142,5,3,9,,26,,48,,69,78,
142,6,1,4,,25,,41,,63,,81
142,6,2,,11,,35,,53,,70,89
142,6,3,8,18,,37,,56,,75,
143,1,1,,14,22,,40,53,,72,
143,1,2,3,,28,,43,,61,,82
143,1,3,,18,,39,,58,67,,89
143,2,1,,10,,31,42,,,73,85
143,2,2,5,,23,,,,63,78,86
143,2,3,9,,26,,48,,66,,88
143,3,1,6,,24,36,,51,,74,
143,3,2,,11,29,,47,55,,79,
143,3,3,,16,,37,49,,64,,80
143,4,1,,15,,32,,50,62,,81
143,4,2,1,,21,35,,54,,71,
143,4,3,4,,27,,44,,69,77,
143,5,1,,13,,33,41,,60,70,
143,5,2,2,,20,,46,56,,76,
143,5,3,8,19,,34,,59,,,83
143,6,1,,12,,30,,52,,75,84
143,6,2,7,,25,,45,,65,,87
143,6,3,,17,,38,,57,68,,90
144,1,1,,12,20,,41,,60,,82
144,1,2,2,19,,33,,54,,74,
144,1,3,4,,26,,46,59,,77,
144,2,1,,11,,32,42,,61,,84
144,2,2,5,,25,39,,55,,76,
144,2,3,8,,28,,45,,69,78,
144,3,1,7,,24,,44,,62,,85
144,3,2,9,,27,,48,,,70,86
144,3,3,,10,,37,,58,66,,90
144,4,1,,13,,30,,53,,73,81
144,4,2,1,,21,35,,,63,79,
144,4,3,,15,,36,47,56,68,,
144,5,1,3,,22,,43,,64,,83
144,5,2,,14,,31,,52,,72,87
144,5,3,,17,29,,49,,67,,89
144,6,1,,16,,34,,50,,71,80
144,6,2,6,,23,,40,51,,,88
144,6,3,,18,,38,,57,65,75,
145,1,1,3,,22,,40,,62,,81
145,1,2,,13,28,,,54,,73,89
145,1,3,,17,,39,46,59,,77,
145,2,1,,10,,32,,51,63,,82
145,2,2,5,,25,,47,,65,,85
145,2,3,9,,29,38,,55,,74,
145,3,1,,16,,33,,50,,75,84
145,3,2,7,,24,,43,,64,79,
145,3,3,,18,,35,,56,69,,87
145,4,1,,14,,31,42,,61,,88
145,4,2,1,,21,37,,53,,70,
145,4,3,6,,27,,49,58,,76,
145,5,1,,11,,34,41,,66,,80
145,5,2,2,,20,,45,,68,,90
145,5,3,8,19,,36,,57,,71,
145,6,1,4,,23,,44,,60,,83
145,6,2,,12,,30,,52,,72,86
145,6,3,,15,26,,48,,67,78,
146,1,1,,12,21,,45,,64,,81
146,1,2,,14,,32,,50,,73,86
146,1,3,6,,23,,,55,,76,89
146,2,1,,11,,33,40,54,,74,
146,2,2,2,,25,,46,,63,,82
146,2,3,,15,,37,,56,69,,87
146,3,1,,17,,35,,57,60,,83
146,3,2,5,,26,,44,,68,,88
146,3,3,,19,,39,,59,,75,90
146,4,1,3,,20,34,,51,,72,
146,4,2,7,,22,,41,58,,79,
146,4,3,,13,,36,48,,65,,80
146,5,1,1,,24,,42,,61,,84
146,5,2,9,10,,31,,52,,71,
146,5,3,,16,28,,47,,66,77,
146,6,1,,18,,30,43,,62,,85
146,6,2,4,,27,38,,53,,70,
146,6,3,8,,29,,49,,67,78,
147,1,1,,14,,30,42,,62,,81
147,1,2,1,,23,,44,57,,76,
147,1,3,,16,,32,,59,66,,85
147,2,1,3,,24,,46,51,,73,
147,2,2,,10,,33,49,,61,,87
147,2,3,9,,29,37,,55,,77,
147,3,1,,15,,34,,52,,72,86
147,3,2,5,,25,,47,,60,,88
147,3,3,,19,,36,,54,,74,89
147,4,1,,11,20,,41,,63,,80
147,4,2,2,,26,,43,,67,75,
147,4,3,,17,,39,,56,69,,82
147,5,1,4,,21,,40,,64,,84
147,5,2,,13,27,,45,,68,70,
147,5,3,7,18,,38,,58,,78,
147,6,1,,12,,31,,50,,71,83
147,6,2,6,,22,35,,53,,79,
147,6,3,8,,28,,48,,65,,90
148,1,1,,11,24,,43,,62,,80
148,1,2,,15,,31,,50,,71,83
148,1,3,6,,27,37,,54,,77,
148,2,1,,12,23,,41,,63,,85
148,2,2,,19,,34,,53,,70,87
148,2,3,5,,26,,49,,69,,89
148,3,1,4,,25,,42,,60,,84
148,3,2,,14,,35,48,,,79,86
148,3,3,,18,,38,,57,67,,90
148,4,1,1,,21,,40,,61,72,
148,4,2,7,,28,,,52,64,78,
148,4,3,,16,,33,,59,68,,81
148,5,1,,10,,30,44,,65,,82
148,5,2,2,17,,36,,51,,73,
148,5,3,9,,22,,47,55,,75,
148,6,1,3,,20,32,,56,,74,
148,6,2,8,,29,,45,,66,,88
148,6,3,,13,,39,46,58,,76,
149,1,1,,13,22,,41,,60,,82
149,1,2,1,16,,33,,51,,75,
149,1,3,,18,29,,44,59,,77,
149,2,1,,11,23,,42,,61,,84
149,2,2,2,17,,34,,55,,73,
149,2,3,,19,26,,48,,65,78,
149,3,1,5,,25,,47,,64,,87
149,3,2,9,,,30,,56,,71,90
149,3,3,,10,,37,49,,66,79,
149,4,1,,12,,32,,52,,74,81
149,4,2,3,,21,,40,58,,76,
149,4,3,6,,,36,43,,67,,88
149,5,1,,,20,31,,50,,72,83
149,5,2,4,,28,,46,,63,,85
149,5,3,,14,,38,,53,69,,89
149,6,1,,15,,35,,54,62,,80
149,6,2,7,,24,39,,57,,70,
149,6,3,8,,27,,45,,68,,86
150,1,1,2,,28,,41,,63,73,
150,1,2,,13,,30,,56,68,,81
150,1,3,8,,,35,45,,,79,90
150,2,1,,12,,31,,50,62,,82
150,2,2,1,,,,44,55,,78,84
150,2,3,,16,,36,46,,69,,86
150,3,1,3,,20,32,,54,,77,
150,3,2,,15,22,,40,,61,,85
150,3,3,5,,24,,48,,67,,87
150,4,1,,14,25,,42,,64,71,
150,4,2,7,18,,33,,,65,,80
150,4,3,9,19,,38,,52,,76,
150,5,1,,11,23,,43,,60,,83
150,5,2,,17,,34,,51,,70,88
150,5,3,6,,27,,49,59,,75,
150,6,1,4,,21,37,,53,,72,
150,6,2,,10,26,,,57,,74,89
150,6,3,,,29,39,47,58,66,,
